CustomerID,Recency,Frequency,Monetary,Cluster,Segment
12348.0,96,5,2019.4,2.0,Potential
12349.0,40,4,4428.69,0.0,Champions
12350.0,331,1,334.4,1.0,Churned
12351.0,396,1,300.93,1.0,Churned
12352.0,57,10,2849.84,0.0,Champions
12353.0,225,2,406.76,2.0,Potential
12354.0,253,1,1079.4,2.0,Potential
12355.0,235,2,947.61,2.0,Potential
12358.0,23,5,3887.07,0.0,Champions
12360.0,73,8,4252.89,0.0,Champions
12361.0,308,4,511.25,2.0,Potential
12363.0,131,2,552.0,2.0,Potential
12364.0,29,4,1313.1,2.0,Potential
12365.0,312,2,641.38,1.0,Churned
12366.0,655,1,500.24,1.0,Churned
12367.0,25,1,168.9,2.0,Potential
12368.0,649,1,917.6999999999999,1.0,Churned
12369.0,434,3,1791.15,1.0,Churned
12370.0,72,7,4320.31,0.0,Champions
12371.0,66,5,4067.38,0.0,Champions
12372.0,93,3,1298.04,2.0,Potential
12373.0,332,3,1127.65,1.0,Churned
12374.0,46,4,2989.2200000000003,0.0,Champions
12375.0,32,2,457.5,2.0,Potential
12376.0,411,2,503.15,1.0,Churned
12377.0,336,4,3426.32,0.0,Champions
12379.0,103,4,1620.22,2.0,Potential
12381.0,26,5,1845.31,2.0,Potential
12383.0,206,5,1850.56,2.0,Potential
12384.0,50,2,585.27,2.0,Potential
12385.0,400,1,1938.4,1.0,Churned
12386.0,359,2,660.8,1.0,Churned
12387.0,436,1,143.94,1.0,Churned
12388.0,37,8,3901.11,0.0,Champions
12389.0,424,3,1433.33,1.0,Churned
12390.0,101,1,549.84,2.0,Potential
12391.0,43,6,2773.42,0.0,Champions
12392.0,612,1,234.75000000000003,1.0,Churned
12393.0,93,6,2399.4500000000003,0.0,Champions
12394.0,85,2,1272.48,2.0,Potential
12395.0,40,15,5067.27,0.0,Champions
12396.0,695,1,931.43,1.0,Churned
12397.0,57,2,2409.9,2.0,Potential
12398.0,67,1,1635.6599999999999,2.0,Potential
12399.0,140,7,1962.3,0.0,Champions
12400.0,435,1,205.25,1.0,Churned
12401.0,324,1,84.3,1.0,Churned
12402.0,344,6,1256.9,2.0,Potential
12403.0,71,2,1019.36,2.0,Potential
12404.0,703,1,63.24,1.0,Churned
12405.0,170,1,1710.39,2.0,Potential
12407.0,71,5,1708.1200000000001,2.0,Potential
12408.0,54,8,4340.7699999999995,0.0,Champions
12410.0,330,3,1013.71,1.0,Churned
12411.0,431,1,346.9,1.0,Churned
12412.0,96,6,2596.93,0.0,Champions
12413.0,88,4,999.45,2.0,Potential
12414.0,238,6,952.41,2.0,Potential
12416.0,678,1,202.56,1.0,Churned
12418.0,134,4,2021.2,2.0,Potential
12419.0,407,2,503.01,1.0,Churned
12420.0,85,1,600.39,2.0,Potential
12421.0,37,6,1098.6,2.0,Potential
12422.0,117,17,5231.8,0.0,Champions
12423.0,22,10,2622.39,0.0,Champions
12424.0,184,4,3340.03,0.0,Champions
12425.0,99,2,1741.41,2.0,Potential
12426.0,216,2,1345.21,2.0,Potential
12427.0,43,3,1129.3,2.0,Potential
12430.0,64,1,256.4,2.0,Potential
12432.0,64,5,5059.32,0.0,Champions
12434.0,106,3,1103.43,2.0,Potential
12436.0,121,1,509.01,2.0,Potential
12438.0,35,2,2906.85,2.0,Potential
12439.0,704,2,1158.18,1.0,Churned
12440.0,483,2,859.2,1.0,Churned
12441.0,388,1,347.1,1.0,Churned
12442.0,24,1,172.06,2.0,Potential
12443.0,753,1,485.31,1.0,Churned
12444.0,42,5,5005.46,0.0,Champions
12445.0,43,2,434.98,2.0,Potential
12446.0,79,1,1002.3100000000001,2.0,Potential
12447.0,264,1,476.49,2.0,Potential
12448.0,65,1,449.45,2.0,Potential
12449.0,43,6,4835.89,0.0,Champions
12450.0,177,5,688.2,2.0,Potential
12452.0,38,2,430.57,2.0,Potential
12453.0,155,1,707.09,2.0,Potential
12456.0,65,3,3181.04,0.0,Champions
12457.0,87,8,2995.91,0.0,Champions
12458.0,92,4,1777.49,2.0,Potential
12459.0,626,1,454.36,1.0,Churned
12460.0,477,1,326.65,1.0,Churned
12461.0,115,2,826.88,2.0,Potential
12462.0,40,2,1189.59,2.0,Potential
12463.0,74,4,1344.78,2.0,Potential
12464.0,31,8,1212.05,2.0,Potential
12465.0,38,2,742.1899999999999,2.0,Potential
12466.0,703,1,56.73,1.0,Churned
12467.0,444,1,132.8,1.0,Churned
12468.0,209,5,3670.74,0.0,Champions
12469.0,544,2,3070.54,1.0,Churned
12470.0,711,1,211.95,1.0,Churned
12473.0,50,5,3938.5499999999997,0.0,Champions
12475.0,75,2,1149.64,2.0,Potential
12478.0,25,1,680.99,2.0,Potential
12479.0,32,1,527.2,2.0,Potential
12483.0,38,19,5120.58,0.0,Champions
12485.0,550,1,708.1,1.0,Churned
12486.0,453,1,1037.28,1.0,Churned
12487.0,752,1,285.29999999999995,1.0,Churned
12488.0,31,3,1298.66,2.0,Potential
12489.0,357,1,334.93,1.0,Churned
12491.0,60,1,460.40000000000003,2.0,Potential
12492.0,84,3,715.21,2.0,Potential
12493.0,187,2,433.74,2.0,Potential
12494.0,37,9,1872.8700000000001,0.0,Champions
12495.0,662,1,357.4,1.0,Churned
12496.0,641,2,54.09,1.0,Churned
12498.0,42,3,403.70000000000005,2.0,Potential
12499.0,581,1,393.72,1.0,Churned
12501.0,358,1,2169.39,1.0,Churned
12502.0,117,5,3723.87,0.0,Champions
12503.0,605,1,1126.0,1.0,Churned
12504.0,39,4,779.05,2.0,Potential
12505.0,430,1,955.2,1.0,Churned
12506.0,254,1,73.5,2.0,Potential
12507.0,155,4,1844.06,2.0,Potential
12508.0,47,2,398.27,2.0,Potential
12509.0,305,1,176.5,1.0,Churned
12510.0,164,9,5178.02,0.0,Champions
12511.0,450,1,3084.02,1.0,Churned
12512.0,87,2,138.03,2.0,Potential
12513.0,134,1,612.29,2.0,Potential
12514.0,288,2,1597.76,2.0,Potential
12515.0,374,1,383.7,1.0,Churned
12516.0,99,4,2648.62,2.0,Potential
12517.0,49,5,2502.84,0.0,Champions
12518.0,22,5,2056.89,2.0,Potential
12519.0,85,2,726.54,2.0,Potential
12520.0,100,5,2634.26,0.0,Champions
12521.0,164,1,599.68,2.0,Potential
12522.0,60,2,192.72,2.0,Potential
12523.0,40,23,4372.15,0.0,Champions
12525.0,519,3,973.73,1.0,Churned
12526.0,22,3,1316.66,2.0,Potential
12527.0,103,5,735.51,2.0,Potential
12528.0,30,6,1933.48,2.0,Potential
12529.0,549,1,316.48,1.0,Churned
12530.0,81,9,3759.26,0.0,Champions
12531.0,36,2,1933.2,2.0,Potential
12532.0,51,1,349.83000000000004,2.0,Potential
12533.0,649,2,1367.89,1.0,Churned
12534.0,152,1,1089.18,2.0,Potential
12535.0,113,2,716.35,2.0,Potential
12537.0,430,1,732.94,1.0,Churned
12538.0,50,2,640.45,2.0,Potential
12541.0,51,3,981.18,2.0,Potential
12542.0,505,2,481.88,1.0,Churned
12543.0,469,1,980.25,1.0,Churned
12544.0,57,1,372.7,2.0,Potential
12545.0,96,2,1000.39,2.0,Potential
12546.0,68,2,1161.5,2.0,Potential
12547.0,219,3,383.58,2.0,Potential
12548.0,187,1,95.19999999999999,2.0,Potential
12549.0,597,6,1575.68,1.0,Churned
12550.0,100,1,964.83,2.0,Potential
12551.0,379,1,168.0,1.0,Churned
12552.0,60,2,437.82,2.0,Potential
12553.0,29,12,4608.75,0.0,Champions
12554.0,470,1,468.5,1.0,Churned
12555.0,703,1,129.23,1.0,Churned
12556.0,71,2,603.71,2.0,Potential
12558.0,29,1,269.96,2.0,Potential
12559.0,332,2,561.71,1.0,Churned
12560.0,26,3,2134.01,2.0,Potential
12561.0,324,1,238.85,1.0,Churned
12562.0,29,9,4966.92,0.0,Champions
12563.0,430,1,249.24,1.0,Churned
12564.0,282,1,456.9,2.0,Potential
12565.0,310,1,145.92,1.0,Churned
12566.0,107,1,351.65,2.0,Potential
12568.0,666,1,70.0,1.0,Churned
12569.0,23,32,4124.69,0.0,Champions
12570.0,703,1,77.52,1.0,Churned
12571.0,61,2,519.61,2.0,Potential
12572.0,30,2,1020.42,2.0,Potential
12573.0,248,5,717.41,2.0,Potential
12574.0,337,1,218.45,1.0,Churned
12575.0,478,2,622.8199999999999,1.0,Churned
12576.0,57,8,2142.72,0.0,Champions
12577.0,56,8,1653.75,0.0,Champions
12578.0,42,4,4642.45,0.0,Champions
12579.0,99,1,440.42,2.0,Potential
12580.0,268,2,1052.9,2.0,Potential
12581.0,61,1,197.71,2.0,Potential
12582.0,260,4,1980.4,2.0,Potential
12584.0,25,9,2338.15,0.0,Champions
12585.0,255,2,2040.1,2.0,Potential
12586.0,38,4,2062.67,2.0,Potential
12587.0,29,1,144.0,2.0,Potential
12588.0,60,4,958.78,2.0,Potential
12589.0,50,8,4695.66,0.0,Champions
12591.0,338,3,1352.15,1.0,Churned
12592.0,113,5,2582.66,0.0,Champions
12593.0,130,3,418.09999999999997,2.0,Potential
12594.0,59,15,5090.110000000001,0.0,Champions
12595.0,526,1,299.02,1.0,Churned
12596.0,72,2,618.27,2.0,Potential
12597.0,40,4,3811.22,0.0,Champions
12598.0,31,11,4534.09,0.0,Champions
12599.0,50,13,2296.72,0.0,Champions
12600.0,50,21,5043.92,0.0,Champions
12601.0,211,6,681.26,2.0,Potential
12602.0,80,1,153.12,2.0,Potential
12603.0,43,1,739.1999999999999,2.0,Potential
12604.0,100,2,254.18,2.0,Potential
12605.0,397,4,1232.95,1.0,Churned
12606.0,703,1,21.0,1.0,Churned
12607.0,81,1,1579.51,2.0,Potential
12608.0,426,1,415.79,1.0,Churned
12609.0,99,9,3435.86,0.0,Champions
12610.0,44,5,2099.54,2.0,Potential
12611.0,73,1,1193.32,2.0,Potential
12612.0,95,1,704.0400000000001,2.0,Potential
12614.0,299,1,315.6,1.0,Churned
12616.0,116,3,1131.1,2.0,Potential
12617.0,50,1,355.53,2.0,Potential
12618.0,43,1,177.31,2.0,Potential
12619.0,37,10,3781.38,0.0,Champions
12620.0,36,3,1339.41,2.0,Potential
12622.0,253,1,180.1,2.0,Potential
12623.0,297,7,3747.84,0.0,Champions
12624.0,127,2,641.13,2.0,Potential
12625.0,233,4,5164.88,0.0,Champions
12627.0,32,7,4478.53,0.0,Champions
12628.0,25,3,786.46,2.0,Potential
12629.0,407,2,1558.22,1.0,Churned
12630.0,31,2,1270.88,2.0,Potential
12631.0,78,6,3481.57,0.0,Champions
12632.0,542,2,804.88,1.0,Churned
12634.0,557,2,490.0,1.0,Churned
12635.0,111,4,2930.41,0.0,Champions
12636.0,760,1,141.0,1.0,Churned
12638.0,54,2,921.49,2.0,Potential
12639.0,260,3,1312.37,2.0,Potential
12640.0,45,3,1174.58,2.0,Potential
12641.0,136,1,185.9,2.0,Potential
12642.0,46,3,1013.26,2.0,Potential
12644.0,151,4,1918.49,2.0,Potential
12645.0,55,8,3539.3,0.0,Champions
12646.0,26,2,1346.97,2.0,Potential
12648.0,176,4,1112.0,2.0,Potential
12649.0,128,8,2294.65,0.0,Champions
12650.0,24,1,314.44,2.0,Potential
12651.0,356,4,377.75,1.0,Churned
12652.0,352,2,1017.03,1.0,Churned
12653.0,170,3,4160.83,0.0,Champions
12654.0,32,5,601.98,2.0,Potential
12655.0,445,1,261.35,1.0,Churned
12657.0,32,4,1643.18,2.0,Potential
12658.0,40,1,686.05,2.0,Potential
12659.0,51,1,91.68,2.0,Potential
12660.0,32,1,245.1,2.0,Potential
12661.0,457,1,162.0,1.0,Churned
12663.0,646,2,239.4,1.0,Churned
12665.0,346,3,313.6,1.0,Churned
12666.0,415,1,1248.42,1.0,Churned
12667.0,79,1,620.13,2.0,Potential
12669.0,172,3,2744.0299999999997,2.0,Potential
12670.0,31,7,3760.29,0.0,Champions
12671.0,627,1,2622.481,1.0,Churned
12672.0,351,2,437.05,1.0,Churned
12673.0,26,3,1230.02,2.0,Potential
12674.0,60,4,1970.6,2.0,Potential
12675.0,575,2,958.5,1.0,Churned
12676.0,46,11,2843.09,0.0,Champions
12677.0,576,2,395.1,1.0,Churned
12679.0,80,4,1113.02,2.0,Potential
12680.0,22,4,880.81,2.0,Potential
12684.0,29,7,2283.63,0.0,Champions
12685.0,49,6,2863.08,0.0,Champions
12686.0,393,1,178.28,1.0,Churned
12687.0,502,2,2138.91,1.0,Churned
12688.0,135,1,4873.8099999999995,0.0,Champions
12689.0,47,2,1247.61,2.0,Potential
12690.0,227,1,389.01,2.0,Potential
12691.0,49,7,1170.4,2.0,Potential
12692.0,658,1,110.95,1.0,Churned
12693.0,148,7,1703.02,2.0,Potential
12694.0,91,3,1843.35,2.0,Potential
12695.0,28,7,1407.1200000000001,2.0,Potential
12696.0,456,2,851.91,1.0,Churned
12697.0,50,3,957.59,2.0,Potential
12698.0,611,1,339.75,1.0,Churned
12699.0,439,1,638.11,1.0,Churned
12700.0,29,4,4939.99,0.0,Champions
12701.0,101,6,2446.41,0.0,Champions
12702.0,41,1,219.0,2.0,Potential
12703.0,92,4,1006.53,2.0,Potential
12704.0,28,8,2340.84,0.0,Champions
12707.0,313,1,603.42,1.0,Churned
12710.0,118,3,1149.02,2.0,Potential
12711.0,633,2,1339.05,1.0,Churned
12713.0,22,1,848.55,2.0,Potential
12715.0,127,1,353.86,2.0,Potential
12716.0,25,2,1053.49,2.0,Potential
12717.0,172,3,1308.91,2.0,Potential
12718.0,92,1,238.25,2.0,Potential
12719.0,26,2,644.95,2.0,Potential
12721.0,53,8,4013.08,0.0,Champions
12722.0,106,4,997.63,2.0,Potential
12723.0,25,5,725.07,2.0,Potential
12724.0,26,7,2317.52,0.0,Champions
12725.0,392,4,2694.56,1.0,Churned
12726.0,49,11,4014.6,0.0,Champions
12728.0,92,5,1070.17,2.0,Potential
12729.0,135,1,453.01,2.0,Potential
12730.0,543,1,829.25,1.0,Churned
12732.0,201,1,236.26000000000002,2.0,Potential
12733.0,255,4,2424.87,2.0,Potential
12734.0,374,3,639.65,1.0,Churned
12735.0,336,2,779.5699999999999,1.0,Churned
12736.0,354,1,234.0,1.0,Churned
12737.0,520,2,3710.5,1.0,Churned
12738.0,393,1,310.7,1.0,Churned
12739.0,99,4,2726.73,0.0,Champions
12740.0,85,1,427.6,2.0,Potential
12741.0,550,2,406.07,1.0,Churned
12742.0,647,1,1201.52,1.0,Churned
12743.0,155,2,546.43,2.0,Potential
12745.0,508,3,925.41,1.0,Churned
12746.0,562,1,254.55,1.0,Churned
12750.0,150,1,275.88,2.0,Potential
12751.0,466,1,268.27,1.0,Churned
12752.0,102,1,4366.78,0.0,Champions
12754.0,257,3,3010.74,0.0,Champions
12756.0,108,1,112.07999999999998,2.0,Potential
12759.0,73,8,5020.74,0.0,Champions
12760.0,477,1,347.8,1.0,Churned
12761.0,479,2,782.95,1.0,Churned
12762.0,29,2,1898.52,2.0,Potential
12763.0,159,2,814.16,2.0,Potential
12764.0,338,1,1693.88,1.0,Churned
12765.0,493,6,1404.58,1.0,Churned
12767.0,397,1,949.82,1.0,Churned
12768.0,472,1,168.69000000000003,1.0,Churned
12769.0,260,1,1143.6,2.0,Potential
12770.0,232,2,3246.45,0.0,Champions
12771.0,507,1,282.3,1.0,Churned
12772.0,81,1,892.47,2.0,Potential
12773.0,585,1,124.25,1.0,Churned
12774.0,557,1,98.7,1.0,Churned
12775.0,38,7,1686.12,2.0,Potential
12776.0,689,1,55.5,1.0,Churned
12777.0,479,1,519.45,1.0,Churned
12778.0,41,9,1775.68,0.0,Champions
12780.0,620,1,337.4,1.0,Churned
12781.0,85,2,826.74,2.0,Potential
12782.0,26,11,4618.24,0.0,Champions
12783.0,23,6,2225.91,0.0,Champions
12784.0,30,3,1804.75,2.0,Potential
12785.0,385,3,1100.4,1.0,Churned
12786.0,631,1,728.5,1.0,Churned
12787.0,31,4,862.18,2.0,Potential
12788.0,484,4,444.9,1.0,Churned
12789.0,86,3,273.35,2.0,Potential
12790.0,213,2,591.85,2.0,Potential
12791.0,395,6,1056.1100000000001,1.0,Churned
12792.0,278,2,827.01,2.0,Potential
12793.0,356,3,1017.33,1.0,Churned
12794.0,74,2,860.41,2.0,Potential
12795.0,40,1,430.48,2.0,Potential
12796.0,649,1,381.0,1.0,Churned
12797.0,387,2,806.11,1.0,Churned
12799.0,550,1,219.35,1.0,Churned
12800.0,491,3,584.25,1.0,Churned
12801.0,522,1,1071.82,1.0,Churned
12802.0,208,7,2416.42,0.0,Champions
12803.0,414,1,1092.81,1.0,Churned
12804.0,487,2,327.02,1.0,Churned
12805.0,403,4,1434.95,1.0,Churned
12806.0,456,4,2878.96,1.0,Churned
12807.0,404,1,330.35,1.0,Churned
12808.0,58,5,906.1,2.0,Potential
12809.0,199,3,1755.94,2.0,Potential
12810.0,556,2,534.99,1.0,Churned
12811.0,282,5,1033.9,2.0,Potential
12812.0,66,1,229.64000000000001,2.0,Potential
12813.0,523,3,1687.8,1.0,Churned
12814.0,123,1,125.92,2.0,Potential
12815.0,169,2,1063.46,2.0,Potential
12816.0,117,2,572.2,2.0,Potential
12817.0,302,3,690.98,2.0,Potential
12818.0,283,1,1542.08,2.0,Potential
12819.0,479,1,540.52,1.0,Churned
12820.0,24,11,2689.52,0.0,Champions
12821.0,235,2,220.8,2.0,Potential
12822.0,92,2,948.88,2.0,Potential
12824.0,81,1,397.12,2.0,Potential
12825.0,542,2,518.63,1.0,Churned
12826.0,24,12,2955.75,0.0,Champions
12827.0,27,3,430.15000000000003,2.0,Potential
12828.0,24,6,1018.71,2.0,Potential
12829.0,358,3,385.3,1.0,Churned
12831.0,283,3,451.11,2.0,Potential
12832.0,53,2,383.03,2.0,Potential
12833.0,166,1,417.38,2.0,Potential
12834.0,304,1,312.38,1.0,Churned
12837.0,194,2,688.41,2.0,Potential
12838.0,55,10,3398.48,0.0,Champions
12840.0,165,7,4041.97,0.0,Champions
12842.0,91,4,1917.99,2.0,Potential
12844.0,50,4,648.6,2.0,Potential
12845.0,288,4,354.09,2.0,Potential
12846.0,703,1,15.58,1.0,Churned
12847.0,43,2,1636.8999999999999,2.0,Potential
12848.0,697,1,208.0,1.0,Churned
12849.0,52,6,3090.56,0.0,Champions
12850.0,467,1,330.0,1.0,Churned
12851.0,118,2,284.13,2.0,Potential
12852.0,316,1,311.55,1.0,Churned
12853.0,156,11,3907.5,0.0,Champions
12854.0,100,7,2994.02,0.0,Champions
12855.0,394,4,650.9399999999999,1.0,Churned
12856.0,29,6,2179.93,0.0,Champions
12857.0,232,6,3688.0,0.0,Champions
12858.0,404,1,177.92,1.0,Churned
12859.0,480,1,575.1,1.0,Churned
12860.0,714,1,55.47,1.0,Churned
12861.0,641,1,68.25,1.0,Churned
12862.0,447,2,1008.3199999999999,1.0,Churned
12863.0,73,6,2792.5499999999997,0.0,Champions
12864.0,159,2,299.57,2.0,Potential
12865.0,47,4,3323.47,0.0,Champions
12866.0,304,3,1227.35,2.0,Potential
12868.0,207,8,2247.06,0.0,Champions
12869.0,703,1,337.66999999999996,1.0,Churned
12870.0,396,3,1676.95,1.0,Churned
12871.0,105,3,744.02,2.0,Potential
12872.0,348,12,3685.4900000000002,0.0,Champions
12873.0,303,3,2027.3,2.0,Potential
12874.0,406,2,948.42,1.0,Churned
12875.0,164,5,1356.99,2.0,Potential
12876.0,79,4,4081.79,0.0,Champions
12877.0,25,20,2955.17,0.0,Champions
12878.0,257,2,854.99,2.0,Potential
12879.0,66,3,573.22,2.0,Potential
12880.0,403,2,640.13,1.0,Churned
12881.0,297,1,298.0,1.0,Churned
12882.0,30,2,1463.04,2.0,Potential
12883.0,46,4,703.47,2.0,Potential
12884.0,109,1,309.05,2.0,Potential
12885.0,84,3,1175.22,2.0,Potential
12886.0,89,2,1378.4,2.0,Potential
12887.0,405,1,222.4,1.0,Churned
12888.0,235,2,354.12,2.0,Potential
12889.0,402,4,385.46000000000004,1.0,Churned
12890.0,45,2,717.27,2.0,Potential
12891.0,207,11,840.5,2.0,Potential
12892.0,418,1,263.38,1.0,Churned
12893.0,52,1,188.14,2.0,Potential
12894.0,596,1,157.35,1.0,Churned
12895.0,63,2,372.8,2.0,Potential
12897.0,226,4,514.25,2.0,Potential
12898.0,485,2,310.96000000000004,1.0,Churned
12899.0,435,1,366.4,1.0,Churned
12900.0,443,1,340.33,1.0,Churned
12902.0,286,1,138.68,1.0,Churned
12903.0,450,1,833.53,1.0,Churned
12904.0,39,2,509.58,2.0,Potential
12905.0,598,2,1018.42,1.0,Churned
12906.0,33,5,2919.81,0.0,Champions
12907.0,417,2,508.91,1.0,Churned
12908.0,197,5,1776.0,2.0,Potential
12909.0,61,8,3103.19,0.0,Champions
12911.0,573,1,1680.47,1.0,Churned
12912.0,24,5,1662.3,2.0,Potential
12914.0,422,1,223.98,1.0,Churned
12915.0,170,4,1174.75,2.0,Potential
12916.0,160,7,4654.0199999999995,0.0,Champions
12917.0,149,6,4359.2,0.0,Champions
12919.0,29,6,1335.19,2.0,Potential
12920.0,38,4,488.09000000000003,2.0,Potential
12922.0,182,1,405.38,2.0,Potential
12923.0,85,3,789.87,2.0,Potential
12924.0,109,12,2469.4,0.0,Champions
12925.0,26,3,729.3299999999999,2.0,Potential
12926.0,432,4,1548.46,1.0,Churned
12927.0,416,1,197.31,1.0,Churned
12928.0,56,12,4304.89,0.0,Champions
12929.0,333,1,117.85,1.0,Churned
12930.0,99,2,415.8,2.0,Potential
12932.0,560,8,1698.56,1.0,Churned
12933.0,45,8,1687.03,0.0,Champions
12934.0,758,1,181.65,1.0,Churned
12935.0,23,15,4243.86,0.0,Champions
12936.0,38,4,1063.9,2.0,Potential
12937.0,36,9,3097.61,0.0,Champions
12938.0,47,1,114.14,2.0,Potential
12940.0,76,2,913.54,2.0,Potential
12941.0,745,1,377.49,1.0,Churned
12942.0,152,3,942.65,2.0,Potential
12943.0,579,2,496.5,1.0,Churned
12944.0,57,2,604.51,2.0,Potential
12945.0,309,2,900.11,1.0,Churned
12946.0,458,1,324.45,1.0,Churned
12947.0,165,6,1908.03,2.0,Potential
12948.0,37,9,2317.43,0.0,Champions
12950.0,23,3,1843.0,2.0,Potential
12951.0,30,15,3213.7200000000003,0.0,Champions
12952.0,27,4,1387.79,2.0,Potential
12953.0,31,2,828.8100000000001,2.0,Potential
12954.0,660,1,162.45,1.0,Churned
12955.0,22,11,4757.16,0.0,Champions
12956.0,327,4,521.89,1.0,Churned
12958.0,421,2,539.49,1.0,Churned
12959.0,505,1,150.95,1.0,Churned
12960.0,435,4,1322.07,1.0,Churned
12961.0,400,1,211.99,1.0,Churned
12962.0,28,2,266.39,2.0,Potential
12963.0,29,12,3601.59,0.0,Champions
12964.0,458,1,132.24,1.0,Churned
12965.0,110,1,771.91,2.0,Potential
12966.0,31,1,160.18,2.0,Potential
12967.0,379,3,4306.92,0.0,Champions
12968.0,133,1,135.95,2.0,Potential
12969.0,624,1,122.45,1.0,Churned
12970.0,28,10,1524.97,0.0,Champions
12972.0,435,4,1161.2,1.0,Churned
12973.0,435,1,385.55,1.0,Churned
12974.0,219,2,408.95,2.0,Potential
12975.0,458,6,2100.09,1.0,Churned
12976.0,233,8,3156.38,0.0,Champions
12977.0,177,4,517.63,2.0,Potential
12978.0,406,5,2502.82,1.0,Churned
12979.0,750,1,517.7,1.0,Churned
12981.0,51,2,372.21999999999997,2.0,Potential
12982.0,264,8,2744.81,0.0,Champions
12983.0,619,1,490.08000000000004,1.0,Churned
12984.0,40,1,97.5,2.0,Potential
12985.0,22,2,1239.38,2.0,Potential
12986.0,450,10,2729.84,0.0,Champions
12987.0,95,5,1312.21,2.0,Potential
12988.0,313,1,535.32,1.0,Churned
12990.0,52,7,955.5,2.0,Potential
12991.0,44,3,764.82,2.0,Potential
12992.0,746,1,93.35000000000001,1.0,Churned
12993.0,44,8,1259.6299999999999,2.0,Potential
12994.0,25,3,974.4200000000001,2.0,Potential
12995.0,106,1,211.32,2.0,Potential
12996.0,397,1,355.5,1.0,Churned
12997.0,43,8,2110.91,0.0,Champions
12998.0,514,3,920.08,1.0,Churned
12999.0,217,3,455.88,2.0,Potential
13000.0,128,4,1032.5,2.0,Potential
13002.0,339,3,414.13,1.0,Churned
13003.0,127,3,149.05,2.0,Potential
13005.0,195,4,999.68,2.0,Potential
13006.0,77,1,81.57,2.0,Potential
13007.0,601,1,175.25,1.0,Churned
13008.0,344,3,612.13,1.0,Churned
13009.0,694,1,234.0,1.0,Churned
13010.0,395,2,330.12,1.0,Churned
13011.0,393,1,101.10000000000001,1.0,Churned
13012.0,30,11,2972.83,0.0,Champions
13016.0,94,3,789.89,2.0,Potential
13017.0,28,1,204.0,2.0,Potential
13019.0,400,6,1229.95,1.0,Churned
13020.0,584,2,618.96,1.0,Churned
13021.0,25,17,4887.24,0.0,Champions
13022.0,451,1,65.3,1.0,Churned
13023.0,85,3,1449.03,2.0,Potential
13024.0,492,2,555.87,1.0,Churned
13025.0,753,1,323.39,1.0,Churned
13026.0,22,9,1733.08,0.0,Champions
13028.0,44,2,661.3199999999999,2.0,Potential
13029.0,52,5,1927.3,2.0,Potential
13030.0,32,2,1227.22,2.0,Potential
13031.0,428,5,3419.27,0.0,Champions
13032.0,73,9,2843.55,0.0,Champions
13033.0,378,2,220.55,1.0,Churned
13034.0,76,3,922.68,2.0,Potential
13035.0,95,3,1364.2,2.0,Potential
13036.0,706,1,307.1,1.0,Churned
13037.0,159,12,3914.9500000000003,0.0,Champions
13038.0,101,3,908.46,2.0,Potential
13039.0,605,4,1010.73,1.0,Churned
13040.0,30,2,676.99,2.0,Potential
13041.0,472,4,799.13,1.0,Churned
13042.0,619,3,1556.54,1.0,Churned
13043.0,294,1,516.42,1.0,Churned
13044.0,312,11,4853.9,0.0,Champions
13045.0,120,3,808.92,2.0,Potential
13046.0,52,3,949.25,2.0,Potential
13048.0,35,9,4084.21,0.0,Champions
13049.0,85,4,1408.24,2.0,Potential
13051.0,600,2,155.8,1.0,Churned
13052.0,233,7,3168.53,0.0,Champions
13053.0,643,1,127.65,1.0,Churned
13055.0,99,4,2321.11,2.0,Potential
13056.0,572,1,209.48,1.0,Churned
13057.0,551,3,722.09,1.0,Churned
13058.0,46,3,271.40000000000003,2.0,Potential
13059.0,271,10,2303.17,0.0,Champions
13060.0,275,1,307.53,2.0,Potential
13061.0,93,1,248.61,2.0,Potential
13062.0,212,1,346.98,2.0,Potential
13063.0,502,1,188.4,1.0,Churned
13064.0,34,6,1680.74,2.0,Potential
13065.0,394,5,1260.91,1.0,Churned
13066.0,45,2,470.8,2.0,Potential
13067.0,103,3,508.51,2.0,Potential
13068.0,31,2,344.0,2.0,Potential
13070.0,213,4,751.7,2.0,Potential
13071.0,633,1,129.22,1.0,Churned
13072.0,288,1,177.15,1.0,Churned
13073.0,432,2,418.08,1.0,Churned
13074.0,532,4,1378.74,1.0,Churned
13075.0,151,1,919.61,2.0,Potential
13076.0,479,1,135.4,1.0,Churned
13077.0,22,11,3064.67,0.0,Champions
13079.0,25,6,419.18,2.0,Potential
13080.0,200,4,280.73,2.0,Potential
13083.0,25,3,395.43,2.0,Potential
13084.0,513,1,122.39999999999999,1.0,Churned
13085.0,179,8,2433.28,0.0,Champions
13086.0,404,1,439.33000000000004,1.0,Churned
13087.0,747,1,313.64,1.0,Churned
13088.0,438,1,236.11,1.0,Churned
13091.0,49,3,2321.82,2.0,Potential
13092.0,92,12,2140.28,0.0,Champions
13094.0,42,13,2433.1200000000003,0.0,Champions
13095.0,92,1,74.39999999999999,2.0,Potential
13096.0,415,1,419.70000000000005,1.0,Churned
13099.0,120,1,207.35999999999999,2.0,Potential
13101.0,255,4,695.4,2.0,Potential
13103.0,61,3,709.64,2.0,Potential
13104.0,24,9,1709.1,0.0,Champions
13105.0,457,1,72.0,1.0,Churned
13106.0,154,2,603.46,2.0,Potential
13108.0,394,2,1098.52,1.0,Churned
13109.0,81,3,1134.03,2.0,Potential
13110.0,52,12,2957.4700000000003,0.0,Champions
13111.0,740,1,321.88000000000005,1.0,Churned
13112.0,562,1,20.6,1.0,Churned
13114.0,752,1,234.38,1.0,Churned
13116.0,159,1,501.14,2.0,Potential
13117.0,43,18,2643.81,0.0,Champions
13118.0,41,9,2415.41,0.0,Champions
13119.0,690,1,134.9,1.0,Churned
13120.0,260,1,30.599999999999998,2.0,Potential
13121.0,290,1,283.73,1.0,Churned
13122.0,115,2,922.39,2.0,Potential
13123.0,494,2,506.75,1.0,Churned
13124.0,111,4,4782.45,0.0,Champions
13125.0,545,1,158.57,1.0,Churned
13126.0,26,13,3998.25,0.0,Champions
13127.0,99,1,259.17,2.0,Potential
13128.0,652,1,263.5,1.0,Churned
13129.0,473,2,233.25,1.0,Churned
13130.0,115,1,64.0,2.0,Potential
13131.0,44,7,3313.77,0.0,Champions
13132.0,283,1,77.3,1.0,Churned
13133.0,295,3,200.45000000000002,1.0,Churned
13134.0,107,6,2475.23,0.0,Champions
13135.0,218,2,3371.45,0.0,Champions
13138.0,43,7,1467.24,2.0,Potential
13140.0,129,5,1215.68,2.0,Potential
13142.0,40,1,307.09,2.0,Potential
13143.0,606,1,405.1,1.0,Churned
13144.0,354,2,135.35,1.0,Churned
13145.0,61,7,1423.52,2.0,Potential
13146.0,47,1,228.91,2.0,Potential
13147.0,31,4,712.8000000000001,2.0,Potential
13149.0,35,4,1676.06,2.0,Potential
13150.0,505,3,449.96999999999997,1.0,Churned
13151.0,317,3,2580.7400000000002,2.0,Potential
13152.0,438,7,2146.38,1.0,Churned
13153.0,27,1,486.22,2.0,Potential
13154.0,420,3,1624.84,1.0,Churned
13155.0,54,6,1750.18,2.0,Potential
13156.0,406,3,1586.54,1.0,Churned
13158.0,116,5,1508.18,2.0,Potential
13159.0,30,4,1437.85,2.0,Potential
13160.0,43,1,91.8,2.0,Potential
13161.0,334,2,478.88,1.0,Churned
13163.0,631,1,17.65,1.0,Churned
13164.0,590,2,372.2,1.0,Churned
13165.0,67,3,1451.16,2.0,Potential
13166.0,304,2,884.18,1.0,Churned
13167.0,40,5,1125.15,2.0,Potential
13168.0,57,5,1875.31,2.0,Potential
13169.0,85,3,840.08,2.0,Potential
13170.0,48,1,116.00999999999999,2.0,Potential
13171.0,43,3,468.41,2.0,Potential
13172.0,421,1,69.6,1.0,Churned
13173.0,25,11,2639.35,0.0,Champions
13175.0,603,2,831.45,1.0,Churned
13176.0,67,1,492.84,2.0,Potential
13177.0,86,2,512.2,2.0,Potential
13179.0,640,1,572.3100000000001,1.0,Churned
13180.0,628,1,86.10000000000001,1.0,Churned
13181.0,402,1,359.69,1.0,Churned
13182.0,66,1,121.18,2.0,Potential
13184.0,36,10,1701.29,0.0,Champions
13185.0,289,1,71.4,1.0,Churned
13186.0,61,3,1575.89,2.0,Potential
13187.0,358,4,367.01,1.0,Churned
13188.0,32,1,114.60000000000001,2.0,Potential
13189.0,40,2,260.68,2.0,Potential
13190.0,565,3,570.66,1.0,Churned
13191.0,679,1,164.69,1.0,Churned
13192.0,116,6,2558.58,0.0,Champions
13193.0,82,1,117.88,2.0,Potential
13194.0,157,2,472.78,2.0,Potential
13195.0,435,1,172.38,1.0,Churned
13196.0,32,7,3068.84,0.0,Champions
13197.0,631,1,373.01000000000005,1.0,Churned
13198.0,31,8,4974.2300000000005,0.0,Champions
13200.0,40,4,870.09,2.0,Potential
13201.0,523,4,1240.6100000000001,1.0,Churned
13202.0,415,7,1580.3,1.0,Churned
13203.0,31,10,2648.25,0.0,Champions
13204.0,752,1,966.6600000000001,1.0,Churned
13205.0,464,1,2803.2,1.0,Churned
13207.0,36,4,535.86,2.0,Potential
13208.0,80,9,1988.5,0.0,Champions
13210.0,115,1,353.48,2.0,Potential
13211.0,31,10,2729.32,0.0,Champions
13212.0,41,3,788.08,2.0,Potential
13213.0,78,11,3851.52,0.0,Champions
13214.0,439,7,3264.23,0.0,Champions
13215.0,423,1,81.6,1.0,Churned
13216.0,289,1,333.74,1.0,Churned
13217.0,143,4,666.48,2.0,Potential
13218.0,148,1,62.63999999999999,2.0,Potential
13219.0,639,1,76.23,1.0,Churned
13220.0,99,5,1336.0900000000001,2.0,Potential
13221.0,261,2,847.41,2.0,Potential
13222.0,598,1,88.5,1.0,Churned
13223.0,221,6,969.1200000000001,2.0,Potential
13224.0,81,2,2155.95,2.0,Potential
13226.0,294,2,312.46,1.0,Churned
13227.0,223,1,257.7,2.0,Potential
13228.0,102,1,358.0,2.0,Potential
13229.0,247,1,160.95,2.0,Potential
13232.0,34,7,1357.6,2.0,Potential
13233.0,95,4,1176.46,2.0,Potential
13234.0,694,2,356.95,1.0,Churned
13235.0,233,1,1031.07,2.0,Potential
13236.0,46,2,744.85,2.0,Potential
13237.0,409,1,643.0,1.0,Churned
13238.0,38,6,1006.63,2.0,Potential
13239.0,283,5,1594.69,2.0,Potential
13240.0,117,8,1738.52,0.0,Champions
13241.0,433,1,115.58,1.0,Churned
13242.0,133,7,699.4,2.0,Potential
13243.0,224,5,1278.04,2.0,Potential
13244.0,114,1,121.74000000000001,2.0,Potential
13245.0,72,2,989.22,2.0,Potential
13246.0,39,11,3387.43,0.0,Champions
13247.0,39,4,501.12,2.0,Potential
13248.0,146,2,465.68,2.0,Potential
13249.0,113,9,1608.93,0.0,Champions
13250.0,482,2,256.04,1.0,Churned
13251.0,423,1,252.68,1.0,Churned
13252.0,415,2,399.3,1.0,Churned
13253.0,178,4,2951.11,0.0,Champions
13254.0,397,1,51.410000000000004,1.0,Churned
13255.0,30,3,904.46,2.0,Potential
13257.0,457,1,149.75,1.0,Churned
13258.0,33,5,1035.18,2.0,Potential
13259.0,83,9,1433.38,0.0,Champions
13260.0,82,1,557.62,2.0,Potential
13261.0,290,2,944.1,2.0,Potential
13262.0,284,3,573.45,2.0,Potential
13264.0,464,1,722.5600000000001,1.0,Churned
13265.0,74,5,2107.66,2.0,Potential
13268.0,39,11,3214.69,0.0,Champions
13270.0,387,1,1180.0,1.0,Churned
13271.0,58,1,217.38,2.0,Potential
13272.0,52,2,276.56,2.0,Potential
13273.0,134,1,138.98,2.0,Potential
13274.0,430,1,360.85,1.0,Churned
13275.0,405,2,241.66,1.0,Churned
13276.0,85,5,1939.26,2.0,Potential
13277.0,37,7,523.3,2.0,Potential
13278.0,62,4,1435.85,2.0,Potential
13279.0,99,1,137.75,2.0,Potential
13280.0,143,7,2322.63,0.0,Champions
13281.0,460,1,350.85,1.0,Churned
13282.0,39,4,1313.19,2.0,Potential
13283.0,81,4,373.36,2.0,Potential
13284.0,352,1,201.19,1.0,Churned
13285.0,44,6,3364.59,0.0,Champions
13286.0,621,1,734.91,1.0,Churned
13287.0,624,3,781.59,1.0,Churned
13288.0,464,5,927.61,1.0,Churned
13289.0,745,1,307.95,1.0,Churned
13290.0,459,1,208.63,1.0,Churned
13291.0,177,11,3320.84,0.0,Champions
13292.0,60,5,994.51,2.0,Potential
13293.0,413,6,1192.94,1.0,Churned
13294.0,211,3,1689.53,2.0,Potential
13295.0,381,4,1101.97,1.0,Churned
13296.0,158,6,792.51,2.0,Potential
13297.0,29,7,4368.62,0.0,Champions
13298.0,22,1,360.0,2.0,Potential
13299.0,289,3,1218.7,2.0,Potential
13300.0,190,3,1285.51,2.0,Potential
13301.0,125,4,618.09,2.0,Potential
13302.0,176,2,159.2,2.0,Potential
13303.0,421,1,61.72,1.0,Churned
13304.0,372,4,1217.99,1.0,Churned
13305.0,25,16,3754.71,0.0,Champions
13306.0,451,1,53.65,1.0,Churned
13307.0,141,3,273.34,2.0,Potential
13308.0,44,4,1670.3700000000001,2.0,Potential
13309.0,28,6,1706.3700000000001,2.0,Potential
13310.0,49,5,1541.2,2.0,Potential
13311.0,25,2,598.57,2.0,Potential
13312.0,472,1,124.75,1.0,Churned
13313.0,43,12,3445.32,0.0,Champions
13314.0,23,3,775.94,2.0,Potential
13315.0,710,1,310.26,1.0,Churned
13318.0,22,3,640.76,2.0,Potential
13320.0,99,6,2228.1,0.0,Champions
13321.0,93,2,567.36,2.0,Potential
13322.0,38,1,199.48000000000002,2.0,Potential
13323.0,24,5,787.85,2.0,Potential
13325.0,103,1,675.3,2.0,Potential
13326.0,453,1,281.76,1.0,Churned
13328.0,337,1,1308.48,1.0,Churned
13329.0,53,8,5112.97,0.0,Champions
13330.0,114,6,2806.18,0.0,Champions
13331.0,423,1,262.4,1.0,Churned
13332.0,35,1,350.9,2.0,Potential
13333.0,432,3,1015.74,1.0,Churned
13336.0,98,1,795.12,2.0,Potential
13337.0,567,1,1575.26,1.0,Churned
13338.0,179,4,2445.62,2.0,Potential
13339.0,222,1,860.12,2.0,Potential
13341.0,282,1,775.85,2.0,Potential
13343.0,199,1,353.43,2.0,Potential
13344.0,89,3,2543.72,2.0,Potential
13345.0,309,1,389.5,1.0,Churned
13346.0,484,6,299.4,1.0,Churned
13347.0,91,1,341.36,2.0,Potential
13348.0,85,1,233.76,2.0,Potential
13349.0,32,1,247.32,2.0,Potential
13350.0,37,2,979.12,2.0,Potential
13351.0,87,1,373.94,2.0,Potential
13352.0,81,1,397.97999999999996,2.0,Potential
13354.0,92,1,743.53,2.0,Potential
13355.0,143,1,674.7,2.0,Potential
13356.0,101,1,768.24,2.0,Potential
13357.0,278,5,3838.36,0.0,Champions
13358.0,290,1,439.03,1.0,Churned
13359.0,85,2,1043.31,2.0,Potential
13360.0,453,4,1553.65,1.0,Churned
13361.0,493,2,1450.5,1.0,Churned
13363.0,39,3,1723.86,2.0,Potential
13364.0,92,1,134.95999999999998,2.0,Potential
13365.0,55,2,2225.37,2.0,Potential
13366.0,71,1,56.160000000000004,2.0,Potential
13367.0,453,1,510.20000000000005,1.0,Churned
13368.0,278,4,1121.5,2.0,Potential
13369.0,387,1,616.5600000000001,1.0,Churned
13370.0,393,1,1509.74,1.0,Churned
13371.0,526,2,2297.66,1.0,Churned
13372.0,111,1,378.64,2.0,Potential
13374.0,436,2,422.8,1.0,Churned
13375.0,110,2,1792.23,2.0,Potential
13376.0,120,3,1019.76,2.0,Potential
13377.0,418,2,1552.88,1.0,Churned
13379.0,47,3,572.56,2.0,Potential
13380.0,454,1,62.4,1.0,Churned
13382.0,302,5,1387.58,2.0,Potential
13383.0,565,1,305.28000000000003,1.0,Churned
13385.0,351,1,534.57,1.0,Churned
13386.0,435,2,835.46,1.0,Churned
13387.0,438,1,189.44,1.0,Churned
13388.0,152,3,1185.65,2.0,Potential
13389.0,32,3,797.96,2.0,Potential
13390.0,96,1,544.08,2.0,Potential
13391.0,225,1,59.8,2.0,Potential
13392.0,698,1,91.14,1.0,Churned
13393.0,605,4,1131.45,1.0,Churned
13395.0,206,3,1180.23,2.0,Potential
13396.0,50,2,1360.99,2.0,Potential
13397.0,94,10,3191.87,0.0,Champions
13398.0,213,2,670.34,2.0,Potential
13399.0,485,3,275.4,1.0,Churned
13400.0,604,1,310.83,1.0,Churned
13402.0,148,4,1535.13,2.0,Potential
13403.0,39,3,229.5,2.0,Potential
13404.0,22,2,252.49,2.0,Potential
13405.0,95,6,1213.811,2.0,Potential
13406.0,448,2,568.92,1.0,Churned
13407.0,600,3,2244.7,1.0,Churned
13410.0,45,9,2201.96,0.0,Champions
13411.0,128,1,213.55,2.0,Potential
13412.0,641,1,487.34999999999997,1.0,Churned
13413.0,661,6,429.44,1.0,Churned
13414.0,155,6,2494.14,0.0,Champions
13415.0,494,4,800.67,1.0,Churned
13416.0,65,3,940.8000000000001,2.0,Potential
13417.0,26,6,1669.49,2.0,Potential
13419.0,85,1,221.06,2.0,Potential
13420.0,171,2,159.85,2.0,Potential
13421.0,61,8,4103.12,0.0,Champions
13422.0,85,1,2626.3,2.0,Potential
13423.0,450,1,217.03,1.0,Churned
13424.0,471,1,572.77,1.0,Churned
13425.0,129,5,3403.63,0.0,Champions
13427.0,40,6,1006.53,2.0,Potential
13428.0,31,3,499.98,2.0,Potential
13429.0,32,4,1006.8,2.0,Potential
13430.0,40,2,679.45,2.0,Potential
13431.0,88,8,3316.24,0.0,Champions
13432.0,592,2,439.1,1.0,Churned
13433.0,522,4,658.3199999999999,1.0,Churned
13434.0,95,5,1666.8600000000001,2.0,Potential
13435.0,26,9,4475.2300000000005,0.0,Champions
13436.0,23,1,196.89,2.0,Potential
13437.0,35,7,3408.06,0.0,Champions
13438.0,568,1,46.5,1.0,Churned
13439.0,276,3,986.61,2.0,Potential
13440.0,444,7,1295.25,1.0,Churned
13441.0,113,2,720.9,2.0,Potential
13442.0,688,3,419.87,1.0,Churned
13443.0,470,6,1280.16,1.0,Churned
13444.0,395,2,631.6800000000001,1.0,Churned
13445.0,647,1,241.89999999999998,1.0,Churned
13446.0,451,11,3881.89,0.0,Champions
13447.0,44,3,1129.14,2.0,Potential
13449.0,45,1,291.88,2.0,Potential
13450.0,48,13,4120.04,0.0,Champions
13452.0,280,3,729.8,2.0,Potential
13453.0,187,3,781.6899999999999,2.0,Potential
13454.0,662,1,219.87,1.0,Churned
13455.0,46,6,2905.93,0.0,Champions
13456.0,39,6,1766.72,2.0,Potential
13457.0,710,2,148.22,1.0,Churned
13459.0,646,2,1160.4099999999999,1.0,Churned
13460.0,50,2,183.44,2.0,Potential
13461.0,60,6,4160.0,0.0,Champions
13462.0,274,5,1153.85,2.0,Potential
13464.0,79,6,3097.64,0.0,Champions
13465.0,467,2,931.12,1.0,Churned
13466.0,205,5,1013.35,2.0,Potential
13467.0,32,2,1083.71,2.0,Potential
13469.0,674,1,82.4,1.0,Churned
13470.0,120,2,165.0,2.0,Potential
13471.0,22,4,2531.58,2.0,Potential
13472.0,485,2,592.24,1.0,Churned
13473.0,82,8,2657.7599999999998,0.0,Champions
13474.0,257,3,663.79,2.0,Potential
13475.0,212,4,1431.78,2.0,Potential
13476.0,200,5,2061.4700000000003,2.0,Potential
13477.0,59,11,2834.17,0.0,Champions
13478.0,490,5,2215.78,1.0,Churned
13479.0,222,4,851.37,2.0,Potential
13480.0,438,2,627.82,1.0,Churned
13481.0,67,11,3830.84,0.0,Champions
13482.0,253,2,336.09,2.0,Potential
13483.0,87,1,140.34,2.0,Potential
13484.0,262,3,790.72,2.0,Potential
13485.0,254,11,3019.2200000000003,0.0,Champions
13486.0,99,3,1122.41,2.0,Potential
13487.0,79,5,846.87,2.0,Potential
13489.0,126,4,449.52,2.0,Potential
13490.0,675,1,154.25,1.0,Churned
13491.0,73,27,4566.56,0.0,Champions
13492.0,157,3,1269.84,2.0,Potential
13493.0,296,2,618.63,1.0,Churned
13494.0,333,1,316.26000000000005,1.0,Churned
13496.0,32,2,653.33,2.0,Potential
13497.0,304,6,1320.33,2.0,Potential
13498.0,751,1,327.38,1.0,Churned
13499.0,39,5,1159.11,2.0,Potential
13500.0,44,4,1466.3,2.0,Potential
13501.0,309,3,2885.11,2.0,Potential
13502.0,38,5,780.5,2.0,Potential
13503.0,92,6,1905.39,2.0,Potential
13504.0,85,1,295.93,2.0,Potential
13505.0,94,4,4393.63,0.0,Champions
13506.0,337,5,1639.2,2.0,Potential
13507.0,24,4,2479.16,2.0,Potential
13508.0,265,2,287.05,2.0,Potential
13509.0,30,8,1114.72,2.0,Potential
13510.0,22,11,4558.29,0.0,Champions
13511.0,698,1,282.76,1.0,Churned
13512.0,282,4,713.39,2.0,Potential
13513.0,148,3,824.59,2.0,Potential
13514.0,95,4,815.9000000000001,2.0,Potential
13515.0,94,6,1265.82,2.0,Potential
13516.0,42,4,1685.26,2.0,Potential
13517.0,81,3,2128.42,2.0,Potential
13518.0,107,1,659.4399999999999,2.0,Potential
13519.0,99,2,343.21,2.0,Potential
13521.0,22,3,1093.65,2.0,Potential
13522.0,51,1,125.80000000000001,2.0,Potential
13523.0,54,6,5101.52,0.0,Champions
13524.0,62,5,680.1800000000001,2.0,Potential
13525.0,36,2,628.78,2.0,Potential
13526.0,759,2,1182.0,1.0,Churned
13527.0,55,12,4683.74,0.0,Champions
13529.0,100,2,307.76,2.0,Potential
13530.0,655,1,402.97999999999996,1.0,Churned
13531.0,226,6,1738.52,2.0,Potential
13532.0,55,1,210.31,2.0,Potential
13533.0,204,3,270.79,2.0,Potential
13535.0,424,1,89.5,1.0,Churned
13536.0,22,7,3448.29,0.0,Champions
13537.0,447,2,717.85,1.0,Churned
13538.0,64,12,3112.73,0.0,Champions
13539.0,107,7,1569.3600000000001,2.0,Potential
13540.0,488,3,632.39,1.0,Churned
13541.0,448,2,785.25,1.0,Churned
13542.0,398,17,4006.17,0.0,Champions
13543.0,655,2,1439.6100000000001,1.0,Churned
13544.0,61,6,829.0,2.0,Potential
13545.0,412,2,374.64,1.0,Churned
13546.0,33,5,1092.14,2.0,Potential
13547.0,429,1,175.53,1.0,Churned
13548.0,117,3,908.99,2.0,Potential
13549.0,47,8,1005.8,2.0,Potential
13550.0,404,1,349.51,1.0,Churned
13551.0,340,2,244.2,1.0,Churned
13553.0,696,1,517.8,1.0,Churned
13554.0,401,7,1638.28,1.0,Churned
13556.0,450,2,200.82,1.0,Churned
13557.0,49,13,3032.26,0.0,Champions
13558.0,27,4,605.06,2.0,Potential
13559.0,534,2,990.0,1.0,Churned
13560.0,28,1,174.37,2.0,Potential
13561.0,237,11,1820.72,0.0,Champions
13562.0,103,8,4838.18,0.0,Champions
13563.0,105,2,777.53,2.0,Potential
13565.0,40,3,414.8,2.0,Potential
13566.0,62,5,1708.1200000000001,2.0,Potential
13567.0,449,4,1083.69,1.0,Churned
13568.0,194,1,192.85,2.0,Potential
13569.0,38,4,893.78,2.0,Potential
13570.0,264,1,239.49,2.0,Potential
13571.0,34,26,4546.54,0.0,Champions
13572.0,227,1,1384.25,2.0,Potential
13573.0,71,6,916.47,2.0,Potential
13574.0,432,1,421.25,1.0,Churned
13575.0,44,5,732.0699999999999,2.0,Potential
13577.0,46,11,3489.28,0.0,Champions
13578.0,430,1,147.66,1.0,Churned
13579.0,36,5,1539.04,2.0,Potential
13580.0,427,1,107.75,1.0,Churned
13581.0,330,2,280.53000000000003,1.0,Churned
13582.0,411,2,241.68,1.0,Churned
13583.0,177,2,1445.031,2.0,Potential
13584.0,328,3,392.45,1.0,Churned
13585.0,552,3,684.54,1.0,Churned
13586.0,562,1,131.53,1.0,Churned
13587.0,85,4,1673.5,2.0,Potential
13588.0,37,9,2478.95,0.0,Champions
13589.0,36,6,1120.74,2.0,Potential
13591.0,86,7,2093.94,0.0,Champions
13592.0,57,4,247.95999999999998,2.0,Potential
13594.0,74,2,533.32,2.0,Potential
13595.0,538,3,818.22,1.0,Churned
13596.0,27,2,697.04,2.0,Potential
13597.0,421,2,396.71,1.0,Churned
13598.0,68,5,789.59,2.0,Potential
13600.0,333,2,518.42,1.0,Churned
13601.0,66,4,1185.14,2.0,Potential
13602.0,86,4,1025.17,2.0,Potential
13603.0,47,1,164.34,2.0,Potential
13604.0,680,1,717.62,1.0,Churned
13605.0,408,2,522.67,1.0,Churned
13606.0,50,3,280.53999999999996,2.0,Potential
13607.0,61,2,1078.31,2.0,Potential
13608.0,562,1,236.2,1.0,Churned
13609.0,614,1,167.35,1.0,Churned
13610.0,33,14,2175.88,0.0,Champions
13611.0,110,10,3319.53,0.0,Champions
13612.0,654,1,818.29,1.0,Churned
13613.0,474,5,1039.8500000000001,1.0,Churned
13614.0,45,6,2359.19,0.0,Champions
13616.0,589,2,288.1,1.0,Churned
13617.0,61,8,1278.75,2.0,Potential
13618.0,195,1,177.34,2.0,Potential
13619.0,566,2,231.69,1.0,Churned
13620.0,549,1,112.34,1.0,Churned
13621.0,138,1,213.85,2.0,Potential
13622.0,717,1,658.95,1.0,Churned
13623.0,52,10,2566.49,0.0,Champions
13624.0,409,1,462.08,1.0,Churned
13625.0,618,1,301.26,1.0,Churned
13626.0,274,2,707.04,2.0,Potential
13627.0,80,7,2245.9,0.0,Champions
13628.0,697,1,310.14,1.0,Churned
13630.0,26,7,2031.78,0.0,Champions
13631.0,121,11,3070.42,0.0,Champions
13632.0,46,8,3648.15,0.0,Champions
13634.0,54,16,5073.47,0.0,Champions
13635.0,89,4,2999.16,0.0,Champions
13636.0,58,5,949.12,2.0,Potential
13637.0,73,3,810.5,2.0,Potential
13638.0,37,1,122.64,2.0,Potential
13639.0,95,2,1346.27,2.0,Potential
13640.0,632,1,405.0,1.0,Churned
13641.0,662,5,1016.47,1.0,Churned
13642.0,237,4,514.72,2.0,Potential
13643.0,52,10,2156.77,0.0,Champions
13644.0,37,4,2624.26,2.0,Potential
13645.0,141,1,252.1,2.0,Potential
13646.0,421,2,326.25,1.0,Churned
13647.0,31,8,3071.68,0.0,Champions
13648.0,421,8,1764.02,1.0,Churned
13649.0,278,6,1678.88,2.0,Potential
13650.0,38,10,3288.0,0.0,Champions
13651.0,56,3,226.85,2.0,Potential
13652.0,67,5,2570.85,0.0,Champions
13653.0,509,1,152.2,1.0,Churned
13655.0,135,6,2280.51,0.0,Champions
13656.0,186,4,1078.85,2.0,Potential
13657.0,32,2,382.14,2.0,Potential
13659.0,227,12,4894.88,0.0,Champions
13660.0,421,1,314.59,1.0,Churned
13661.0,624,1,325.24,1.0,Churned
13662.0,107,11,2250.11,0.0,Champions
13663.0,200,5,2047.51,2.0,Potential
13665.0,407,3,1711.6599999999999,1.0,Churned
13666.0,81,5,127.89999999999999,2.0,Potential
13667.0,170,1,305.02,2.0,Potential
13669.0,72,3,413.55,2.0,Potential
13670.0,96,1,349.7,2.0,Potential
13671.0,416,1,194.95,1.0,Churned
13672.0,322,3,419.92,1.0,Churned
13673.0,40,2,396.92,2.0,Potential
13674.0,454,1,240.68,1.0,Churned
13675.0,172,2,486.82000000000005,2.0,Potential
13676.0,560,2,243.9,1.0,Churned
13677.0,426,2,556.1899999999999,1.0,Churned
13678.0,173,1,232.6,2.0,Potential
13679.0,515,3,281.26,1.0,Churned
13681.0,39,4,827.83,2.0,Potential
13682.0,208,1,59.5,2.0,Potential
13683.0,479,1,258.6,1.0,Churned
13684.0,307,4,596.98,2.0,Potential
13685.0,24,7,3119.44,0.0,Champions
13686.0,204,3,409.04,2.0,Potential
13688.0,656,1,375.5,1.0,Churned
13689.0,84,2,1259.5,2.0,Potential
13690.0,80,1,172.25,2.0,Potential
13691.0,417,1,212.78,1.0,Churned
13692.0,46,5,3114.4,0.0,Champions
13693.0,395,9,2011.82,0.0,Champions
13695.0,52,16,2770.73,0.0,Champions
13696.0,443,3,2020.4,1.0,Churned
13697.0,60,1,151.29999999999998,2.0,Potential
13698.0,618,2,465.53000000000003,1.0,Churned
13699.0,176,2,764.15,2.0,Potential
13700.0,47,13,2613.46,0.0,Champions
13701.0,468,1,161.0,1.0,Churned
13702.0,467,1,135.18,1.0,Churned
13703.0,339,2,425.56,1.0,Churned
13704.0,26,9,2308.06,0.0,Champions
13705.0,29,7,2035.33,0.0,Champions
13706.0,324,2,631.17,1.0,Churned
13707.0,288,5,3365.86,0.0,Champions
13708.0,292,1,296.88,1.0,Churned
13710.0,53,3,509.52,2.0,Potential
13711.0,240,9,1792.26,0.0,Champions
13712.0,268,2,766.42,2.0,Potential
13713.0,429,3,743.26,1.0,Churned
13714.0,486,1,161.35,1.0,Churned
13716.0,290,1,138.28,1.0,Churned
13717.0,53,8,1763.3,0.0,Champions
13718.0,267,2,306.55,2.0,Potential
13719.0,36,11,2815.25,0.0,Champions
13720.0,138,4,799.9,2.0,Potential
13721.0,57,2,741.54,2.0,Potential
13723.0,238,6,1209.2,2.0,Potential
13724.0,658,1,213.01,1.0,Churned
13725.0,71,8,1980.56,0.0,Champions
13726.0,60,2,1079.6599999999999,2.0,Potential
13727.0,50,8,1080.05,2.0,Potential
13728.0,58,16,2855.17,0.0,Champions
13729.0,457,3,724.73,1.0,Churned
13730.0,157,2,752.6,2.0,Potential
13731.0,240,2,610.59,2.0,Potential
13732.0,49,1,491.86,2.0,Potential
13733.0,432,2,487.03000000000003,1.0,Churned
13736.0,26,7,2766.21,0.0,Champions
13737.0,221,1,339.59999999999997,2.0,Potential
13738.0,417,1,440.93,1.0,Churned
13739.0,39,2,292.2,2.0,Potential
13740.0,262,5,1597.77,2.0,Potential
13741.0,93,3,668.4300000000001,2.0,Potential
13742.0,38,12,3131.02,0.0,Champions
13743.0,24,7,1341.6,2.0,Potential
13744.0,116,2,1156.36,2.0,Potential
13745.0,183,2,777.36,2.0,Potential
13746.0,435,1,176.69,1.0,Churned
13747.0,395,2,249.39999999999998,1.0,Churned
13748.0,117,9,2268.35,0.0,Champions
13750.0,75,11,3602.1800000000003,0.0,Champions
13751.0,309,1,296.25,1.0,Churned
13752.0,145,7,1590.73,2.0,Potential
13753.0,309,4,2094.57,2.0,Potential
13754.0,173,3,447.05,2.0,Potential
13755.0,25,9,2161.35,0.0,Champions
13757.0,696,1,195.55,1.0,Churned
13759.0,54,2,659.4100000000001,2.0,Potential
13760.0,75,5,1363.6399999999999,2.0,Potential
13761.0,71,6,1952.17,2.0,Potential
13762.0,240,5,2472.48,0.0,Champions
13763.0,84,3,5217.4400000000005,0.0,Champions
13764.0,92,6,2953.26,0.0,Champions
13765.0,674,1,352.821,1.0,Churned
13766.0,516,1,190.35,1.0,Churned
13768.0,748,2,875.97,1.0,Churned
13770.0,443,4,785.37,1.0,Churned
13772.0,55,8,3114.22,0.0,Champions
13773.0,418,2,301.54,1.0,Churned
13774.0,103,1,345.0,2.0,Potential
13775.0,612,1,1049.66,1.0,Churned
13776.0,449,2,623.98,1.0,Churned
13778.0,124,4,1124.49,2.0,Potential
13779.0,537,1,161.13,1.0,Churned
13780.0,28,3,735.82,2.0,Potential
13781.0,272,3,778.83,2.0,Potential
13782.0,34,13,1793.72,0.0,Champions
13783.0,509,4,1542.09,1.0,Churned
13784.0,31,14,2910.23,0.0,Champions
13785.0,450,4,542.49,1.0,Churned
13786.0,388,6,3358.94,0.0,Champions
13787.0,97,6,1222.5,2.0,Potential
13788.0,526,1,3.75,1.0,Churned
13789.0,409,1,239.45999999999998,1.0,Churned
13790.0,25,1,348.8,2.0,Potential
13791.0,149,2,1516.0,2.0,Potential
13792.0,87,3,383.95,2.0,Potential
13793.0,668,1,96.0,1.0,Churned
13794.0,568,1,126.03,1.0,Churned
13795.0,409,4,836.3,1.0,Churned
13796.0,520,1,289.7,1.0,Churned
13797.0,458,3,1179.45,1.0,Churned
13799.0,138,9,2803.57,0.0,Champions
13800.0,331,3,1679.56,2.0,Potential
13801.0,88,1,324.8,2.0,Potential
13803.0,276,3,1338.91,2.0,Potential
13804.0,52,9,3208.52,0.0,Champions
13805.0,73,2,924.6,2.0,Potential
13806.0,85,1,256.38,2.0,Potential
13807.0,388,3,534.8,1.0,Churned
13808.0,27,5,1747.66,2.0,Potential
13809.0,326,3,679.7,1.0,Churned
13810.0,50,3,1499.01,2.0,Potential
13811.0,205,3,814.5,2.0,Potential
13812.0,63,3,539.0,2.0,Potential
13813.0,61,8,2765.47,0.0,Champions
13814.0,113,3,2257.32,2.0,Potential
13816.0,45,2,571.6700000000001,2.0,Potential
13817.0,50,2,382.98,2.0,Potential
13818.0,451,1,61.28,1.0,Churned
13819.0,323,6,2642.35,0.0,Champions
13820.0,439,3,660.65,1.0,Churned
13821.0,166,6,1410.73,2.0,Potential
13822.0,27,2,632.0,2.0,Potential
13823.0,40,7,3403.4500000000003,0.0,Champions
13824.0,54,12,3314.76,0.0,Champions
13825.0,643,2,255.59,1.0,Churned
13826.0,197,1,189.5,2.0,Potential
13827.0,79,3,412.05,2.0,Potential
13828.0,43,1,209.49,2.0,Potential
13829.0,442,1,102.0,1.0,Churned
13830.0,603,1,156.85000000000002,1.0,Churned
13832.0,40,2,613.6899999999999,2.0,Potential
13833.0,180,2,701.36,2.0,Potential
13834.0,598,2,324.19,1.0,Churned
13835.0,46,7,1095.27,2.0,Potential
13836.0,420,2,620.37,1.0,Churned
13837.0,233,2,271.24,2.0,Potential
13838.0,27,10,1966.09,0.0,Champions
13839.0,507,1,139.95000000000002,1.0,Churned
13840.0,437,1,651.4,1.0,Churned
13841.0,274,1,85.0,1.0,Churned
13843.0,402,1,319.75,1.0,Churned
13844.0,32,1,361.62,2.0,Potential
13845.0,86,1,312.98,2.0,Potential
13846.0,46,4,1307.79,2.0,Potential
13847.0,741,1,310.72,1.0,Churned
13848.0,113,8,3335.0,0.0,Champions
13849.0,73,5,3469.3,0.0,Champions
13850.0,150,1,1595.48,2.0,Potential
13851.0,117,8,4606.46,0.0,Champions
13852.0,632,1,187.35000000000002,1.0,Churned
13853.0,78,1,1090.14,2.0,Potential
13855.0,522,4,1310.3400000000001,1.0,Churned
13856.0,190,11,1142.03,0.0,Champions
13857.0,414,6,1001.01,1.0,Churned
13858.0,78,1,216.17,2.0,Potential
13859.0,347,2,515.86,1.0,Churned
13860.0,22,5,1245.9,2.0,Potential
13861.0,450,2,273.26,1.0,Churned
13862.0,39,9,2556.09,0.0,Champions
13863.0,269,4,1239.55,2.0,Potential
13864.0,408,1,662.4000000000001,1.0,Churned
13865.0,79,4,501.56,2.0,Potential
13866.0,95,1,145.67000000000002,2.0,Potential
13867.0,52,3,1015.29,2.0,Potential
13868.0,28,2,3192.54,0.0,Champions
13872.0,548,3,919.57,1.0,Churned
13873.0,141,8,1038.92,2.0,Potential
13874.0,379,7,2049.15,0.0,Champions
13875.0,75,14,4814.37,0.0,Champions
13876.0,85,1,122.7,2.0,Potential
13877.0,107,3,449.68,2.0,Potential
13878.0,76,4,2473.06,2.0,Potential
13879.0,667,1,395.5,1.0,Churned
13880.0,42,17,4391.66,0.0,Champions
13882.0,24,5,1191.13,2.0,Potential
13884.0,28,10,1888.48,0.0,Champions
13885.0,210,2,506.8,2.0,Potential
13886.0,92,1,243.56,2.0,Potential
13887.0,225,1,349.55,2.0,Potential
13888.0,141,7,2169.05,0.0,Champions
13889.0,114,6,1991.23,2.0,Potential
13890.0,22,14,2927.38,0.0,Champions
13891.0,399,3,863.5600000000001,1.0,Churned
13892.0,48,6,1267.6499999999999,2.0,Potential
13893.0,319,1,821.1,1.0,Churned
13894.0,45,3,564.62,2.0,Potential
13895.0,49,6,4008.52,0.0,Champions
13896.0,647,1,388.55,1.0,Churned
13897.0,71,3,1160.72,2.0,Potential
13898.0,347,2,686.4,1.0,Churned
13899.0,37,2,388.52,2.0,Potential
13900.0,204,6,1610.59,2.0,Potential
13903.0,421,1,165.45000000000002,1.0,Churned
13904.0,58,2,332.64,2.0,Potential
13905.0,754,1,312.65,1.0,Churned
13906.0,430,1,42.0,1.0,Churned
13907.0,713,1,136.8,1.0,Churned
13908.0,101,4,2369.55,2.0,Potential
13909.0,444,2,286.6,1.0,Churned
13911.0,78,20,4234.99,0.0,Champions
13912.0,445,1,124.95,1.0,Churned
13913.0,528,1,42.22,1.0,Churned
13914.0,33,2,626.45,2.0,Potential
13915.0,415,1,70.80000000000001,1.0,Churned
13916.0,485,4,1275.81,1.0,Churned
13917.0,71,2,272.04,2.0,Potential
13918.0,71,2,1212.8400000000001,2.0,Potential
13919.0,80,4,1360.68,2.0,Potential
13920.0,453,4,1774.68,1.0,Churned
13921.0,423,4,730.7,1.0,Churned
13922.0,373,3,865.2,1.0,Churned
13923.0,75,1,351.13,2.0,Potential
13924.0,23,6,1838.8500000000001,2.0,Potential
13925.0,114,4,678.25,2.0,Potential
13926.0,44,1,223.85000000000002,2.0,Potential
13927.0,96,2,708.26,2.0,Potential
13928.0,32,4,464.57,2.0,Potential
13929.0,190,11,3494.1,0.0,Champions
13930.0,79,2,337.34,2.0,Potential
13932.0,316,1,307.4,1.0,Churned
13933.0,130,2,608.7900000000001,2.0,Potential
13934.0,285,1,922.1,2.0,Potential
13936.0,201,3,939.66,2.0,Potential
13937.0,190,2,880.13,2.0,Potential
13938.0,56,1,71.66,2.0,Potential
13939.0,44,7,1560.96,2.0,Potential
13940.0,38,4,839.14,2.0,Potential
13942.0,556,1,320.0,1.0,Churned
13943.0,599,1,246.54,1.0,Churned
13944.0,674,1,200.43,1.0,Churned
13945.0,416,2,854.15,1.0,Churned
13946.0,100,6,1876.23,2.0,Potential
13947.0,86,1,90.6,2.0,Potential
13948.0,382,4,548.76,1.0,Churned
13949.0,24,6,2427.32,0.0,Champions
13950.0,32,4,745.06,2.0,Potential
13951.0,197,3,674.45,2.0,Potential
13954.0,23,2,439.92,2.0,Potential
13955.0,175,3,545.17,2.0,Potential
13956.0,26,5,1026.42,2.0,Potential
13957.0,439,3,458.25,1.0,Churned
13958.0,401,8,4709.2300000000005,0.0,Champions
13959.0,100,6,1076.18,2.0,Potential
13960.0,42,2,230.22,2.0,Potential
13961.0,413,1,538.4,1.0,Churned
13962.0,43,3,362.8,2.0,Potential
13963.0,329,17,3011.87,0.0,Champions
13964.0,408,2,438.9,1.0,Churned
13965.0,498,3,996.61,1.0,Churned
13966.0,456,1,390.86,1.0,Churned
13967.0,167,2,166.3,2.0,Potential
13968.0,444,1,123.66,1.0,Churned
13970.0,407,2,846.55,1.0,Churned
13971.0,40,14,4667.57,0.0,Champions
13972.0,92,2,190.25,2.0,Potential
13973.0,308,1,264.7,1.0,Churned
13974.0,70,2,677.72,2.0,Potential
13976.0,228,4,1192.36,2.0,Potential
13977.0,432,1,519.8100000000001,1.0,Churned
13978.0,36,2,196.79000000000002,2.0,Potential
13979.0,94,7,3416.23,0.0,Champions
13980.0,81,5,799.92,2.0,Potential
13981.0,437,1,331.14,1.0,Churned
13982.0,60,9,4445.59,0.0,Champions
13984.0,48,12,2048.6,0.0,Champions
13986.0,38,1,320.46,2.0,Potential
13987.0,401,2,682.54,1.0,Churned
13988.0,41,8,4757.8,0.0,Champions
13989.0,87,5,2026.06,2.0,Potential
13990.0,234,1,311.3,2.0,Potential
13991.0,33,6,855.97,2.0,Potential
13992.0,51,3,219.5,2.0,Potential
13994.0,25,6,2313.14,0.0,Champions
13995.0,36,14,3902.01,0.0,Champions
13996.0,407,2,895.76,1.0,Churned
13997.0,540,3,382.31,1.0,Churned
13998.0,468,3,566.7,1.0,Churned
14000.0,232,5,2046.3400000000001,2.0,Potential
14001.0,67,9,4530.09,0.0,Champions
14002.0,155,2,529.73,2.0,Potential
14003.0,754,1,209.41,1.0,Churned
14005.0,31,5,2874.72,0.0,Champions
14006.0,137,7,2196.67,0.0,Champions
14007.0,534,1,79.48,1.0,Churned
14008.0,453,1,509.04,1.0,Churned
14009.0,219,3,1099.91,2.0,Potential
14010.0,586,2,445.15,1.0,Churned
14011.0,501,2,457.82,1.0,Churned
14012.0,299,1,328.8,1.0,Churned
14013.0,131,5,1084.57,2.0,Potential
14014.0,98,3,1948.21,2.0,Potential
14015.0,74,1,917.34,2.0,Potential
14017.0,592,1,229.75,1.0,Churned
14018.0,666,1,367.15000000000003,1.0,Churned
14019.0,68,3,1421.61,2.0,Potential
14020.0,38,4,1249.01,2.0,Potential
14021.0,176,7,1716.58,2.0,Potential
14022.0,246,2,792.15,2.0,Potential
14023.0,28,2,584.07,2.0,Potential
14024.0,143,3,645.74,2.0,Potential
14025.0,486,8,4057.9,0.0,Champions
14026.0,492,2,713.11,1.0,Churned
14027.0,82,1,104.82,2.0,Potential
14029.0,84,2,467.66,2.0,Potential
14032.0,23,16,4850.2699999999995,0.0,Champions
14033.0,576,1,109.44,1.0,Churned
14034.0,43,3,651.8199999999999,2.0,Potential
14035.0,50,9,2856.72,0.0,Champions
14036.0,306,1,626.65,1.0,Churned
14037.0,197,6,836.95,2.0,Potential
14038.0,99,5,3069.88,0.0,Champions
14039.0,54,2,267.28000000000003,2.0,Potential
14041.0,287,1,141.41,1.0,Churned
14042.0,746,1,431.98,1.0,Churned
14043.0,512,2,304.25,1.0,Churned
14044.0,48,10,3123.1,0.0,Champions
14046.0,305,1,154.99,1.0,Churned
14047.0,30,14,4255.03,0.0,Champions
14048.0,326,3,748.69,1.0,Churned
14050.0,53,2,746.36,2.0,Potential
14052.0,41,2,480.81,2.0,Potential
14053.0,145,4,572.3,2.0,Potential
14054.0,86,1,92.46,2.0,Potential
14055.0,127,3,1520.96,2.0,Potential
14058.0,484,2,469.19,1.0,Churned
14059.0,288,1,183.6,1.0,Churned
14061.0,528,3,917.4300000000001,1.0,Churned
14064.0,50,15,3332.42,0.0,Champions
14065.0,410,3,891.02,1.0,Churned
14066.0,288,1,152.55,1.0,Churned
14067.0,85,2,374.7,2.0,Potential
14068.0,341,4,1528.3700000000001,1.0,Churned
14069.0,536,2,230.06,1.0,Churned
14070.0,706,1,326.55,1.0,Churned
14071.0,25,8,1438.82,2.0,Potential
14072.0,688,1,390.85,1.0,Churned
14073.0,53,1,151.04,2.0,Potential
14074.0,644,1,219.39999999999998,1.0,Churned
14075.0,26,6,1734.87,2.0,Potential
14076.0,150,1,122.47,2.0,Potential
14077.0,62,6,615.0799999999999,2.0,Potential
14078.0,123,9,1692.6299999999999,0.0,Champions
14079.0,146,2,618.73,2.0,Potential
14080.0,54,5,1115.68,2.0,Potential
14082.0,386,2,413.36,1.0,Churned
14083.0,25,11,1407.26,0.0,Champions
14084.0,533,1,150.5,1.0,Churned
14086.0,484,1,39.95,1.0,Churned
14087.0,24,3,846.22,2.0,Potential
14089.0,78,1,161.0,2.0,Potential
14090.0,346,1,76.32000000000001,1.0,Churned
14093.0,33,1,442.85,2.0,Potential
14094.0,461,1,335.22,1.0,Churned
14095.0,744,1,2.95,1.0,Churned
14097.0,502,2,422.85999999999996,1.0,Churned
14098.0,58,1,147.35,2.0,Potential
14100.0,159,1,194.9,2.0,Potential
14102.0,26,5,1360.28,2.0,Potential
14104.0,176,5,771.5799999999999,2.0,Potential
14106.0,758,1,214.79999999999998,1.0,Churned
14107.0,73,11,4877.3,0.0,Champions
14108.0,52,4,1044.96,2.0,Potential
14109.0,94,1,144.2,2.0,Potential
14111.0,35,4,692.85,2.0,Potential
14114.0,295,7,1364.09,2.0,Potential
14115.0,523,2,622.6700000000001,1.0,Churned
14116.0,41,5,1382.74,2.0,Potential
14117.0,165,1,90.0,2.0,Potential
14118.0,450,1,458.45,1.0,Churned
14119.0,397,2,183.37,1.0,Churned
14121.0,25,4,2780.15,0.0,Champions
14122.0,427,3,362.42,1.0,Churned
14123.0,754,1,436.18,1.0,Churned
14124.0,105,1,419.58000000000004,2.0,Potential
14125.0,32,3,2740.43,2.0,Potential
14126.0,29,4,1172.46,2.0,Potential
14127.0,144,6,1900.0800000000002,2.0,Potential
14128.0,82,3,924.21,2.0,Potential
14129.0,23,9,2591.34,0.0,Champions
14130.0,340,4,1882.67,2.0,Potential
14131.0,670,1,187.87,1.0,Churned
14132.0,23,11,3586.0299999999997,0.0,Champions
14133.0,151,4,911.14,2.0,Potential
14136.0,422,5,1570.81,1.0,Churned
14137.0,717,1,332.7,1.0,Churned
14138.0,23,2,982.3800000000001,2.0,Potential
14139.0,67,4,1086.8,2.0,Potential
14140.0,25,2,935.05,2.0,Potential
14141.0,24,4,915.13,2.0,Potential
14142.0,394,2,983.15,1.0,Churned
14143.0,155,1,115.8,2.0,Potential
14144.0,507,1,30.599999999999998,1.0,Churned
14147.0,99,9,2590.2,0.0,Champions
14148.0,255,2,466.29,2.0,Potential
14149.0,242,1,446.62,2.0,Potential
14150.0,57,2,658.64,2.0,Potential
14151.0,694,2,679.45,1.0,Churned
14152.0,96,7,1997.3400000000001,0.0,Champions
14153.0,504,1,233.4,1.0,Churned
14155.0,287,1,118.75,1.0,Churned
14157.0,41,5,1002.78,2.0,Potential
14158.0,61,1,507.66,2.0,Potential
14161.0,237,7,3318.88,0.0,Champions
14162.0,195,2,289.36,2.0,Potential
14163.0,108,5,2594.62,0.0,Champions
14164.0,92,2,1631.77,2.0,Potential
14165.0,297,1,122.53999999999999,1.0,Churned
14166.0,526,2,256.85,1.0,Churned
14167.0,60,8,1296.49,2.0,Potential
14168.0,442,2,370.45,1.0,Churned
14169.0,452,2,624.4300000000001,1.0,Churned
14170.0,396,3,597.33,1.0,Churned
14171.0,119,2,498.79,2.0,Potential
14172.0,626,3,402.72,1.0,Churned
14173.0,32,6,586.0,2.0,Potential
14174.0,54,1,134.46,2.0,Potential
14176.0,318,5,916.01,2.0,Potential
14177.0,107,13,2229.34,0.0,Champions
14178.0,30,7,1620.93,2.0,Potential
14179.0,62,2,719.78,2.0,Potential
14181.0,432,2,310.55,1.0,Churned
14182.0,465,4,678.77,1.0,Churned
14183.0,432,2,286.29,1.0,Churned
14184.0,88,1,452.89,2.0,Potential
14185.0,352,1,197.65,1.0,Churned
14186.0,448,5,1550.63,1.0,Churned
14187.0,495,1,123.5,1.0,Churned
14188.0,52,6,2054.36,2.0,Potential
14190.0,687,1,79.9,1.0,Churned
14191.0,23,15,4817.66,0.0,Champions
14192.0,409,1,293.74,1.0,Churned
14193.0,89,3,1210.19,2.0,Potential
14195.0,223,6,2615.6,0.0,Champions
14196.0,128,1,335.52,2.0,Potential
14197.0,432,1,390.05,1.0,Churned
14198.0,39,9,1569.73,0.0,Champions
14199.0,239,4,1091.7,2.0,Potential
14200.0,638,1,379.2,1.0,Churned
14201.0,81,10,1193.54,0.0,Champions
14202.0,402,3,847.76,1.0,Churned
14203.0,418,1,339.34,1.0,Churned
14204.0,23,4,1062.96,2.0,Potential
14205.0,38,9,2414.2,0.0,Champions
14206.0,260,3,1185.01,2.0,Potential
14207.0,709,1,157.8,1.0,Churned
14208.0,116,2,567.05,2.0,Potential
14209.0,32,15,4993.27,0.0,Champions
14211.0,74,18,4402.29,0.0,Champions
14212.0,111,2,2190.14,2.0,Potential
14213.0,426,1,1192.2,1.0,Churned
14214.0,52,5,1004.38,2.0,Potential
14215.0,33,9,3416.33,0.0,Champions
14216.0,24,5,2150.04,2.0,Potential
14217.0,23,23,3416.89,0.0,Champions
14218.0,64,1,169.48000000000002,2.0,Potential
14219.0,25,3,633.83,2.0,Potential
14220.0,268,4,1515.0,2.0,Potential
14222.0,198,1,683.17,2.0,Potential
14223.0,113,3,991.13,2.0,Potential
14224.0,131,9,1897.9,0.0,Champions
14225.0,456,4,2037.02,1.0,Churned
14226.0,50,6,3002.53,0.0,Champions
14228.0,459,3,745.5,1.0,Churned
14229.0,73,7,2594.04,0.0,Champions
14230.0,457,3,979.8000000000001,1.0,Churned
14231.0,205,4,1235.6200000000001,2.0,Potential
14232.0,64,5,2048.07,2.0,Potential
14233.0,70,7,2904.27,0.0,Champions
14234.0,43,4,775.46,2.0,Potential
14235.0,96,9,4717.99,0.0,Champions
14236.0,102,5,1744.64,2.0,Potential
14237.0,394,2,632.14,1.0,Churned
14238.0,347,3,434.23,1.0,Churned
14239.0,64,21,4263.17,0.0,Champions
14240.0,51,3,1247.49,2.0,Potential
14241.0,205,2,333.70000000000005,2.0,Potential
14242.0,256,2,280.55,2.0,Potential
14244.0,682,1,366.41999999999996,1.0,Churned
14245.0,241,2,1693.45,2.0,Potential
14246.0,132,3,1474.06,2.0,Potential
14247.0,299,5,772.66,2.0,Potential
14248.0,339,3,1032.95,1.0,Churned
14250.0,28,3,1904.05,2.0,Potential
14251.0,23,5,2879.7000000000003,0.0,Champions
14252.0,402,1,350.99,1.0,Churned
14253.0,514,2,363.40000000000003,1.0,Churned
14254.0,454,1,601.03,1.0,Churned
14255.0,567,1,1000.63,1.0,Churned
14256.0,281,5,2473.9900000000002,0.0,Champions
14259.0,163,1,120.0,2.0,Potential
14260.0,492,3,824.28,1.0,Churned
14261.0,72,2,1163.45,2.0,Potential
14262.0,29,8,2618.23,0.0,Champions
14263.0,444,1,322.93,1.0,Churned
14264.0,176,6,1517.3600000000001,2.0,Potential
14265.0,130,4,1373.35,2.0,Potential
14266.0,449,1,40.56,1.0,Churned
14267.0,184,3,1516.24,2.0,Potential
14268.0,492,1,354.85,1.0,Churned
14269.0,460,1,295.73,1.0,Churned
14270.0,353,1,492.65000000000003,1.0,Churned
14271.0,247,2,219.13,2.0,Potential
14272.0,95,4,920.81,2.0,Potential
14273.0,72,4,559.97,2.0,Potential
14274.0,707,1,256.6,1.0,Churned
14275.0,417,6,1189.3799999999999,1.0,Churned
14276.0,120,7,2102.68,0.0,Champions
14278.0,431,1,205.83,1.0,Churned
14279.0,542,2,191.86,1.0,Churned
14280.0,218,1,134.04,2.0,Potential
14281.0,429,1,245.15,1.0,Churned
14283.0,484,4,628.4399999999999,1.0,Churned
14284.0,52,3,1299.65,2.0,Potential
14285.0,42,8,3284.42,0.0,Champions
14287.0,29,3,176.63,2.0,Potential
14288.0,234,1,426.6,2.0,Potential
14289.0,30,6,911.26,2.0,Potential
14290.0,32,8,4516.56,0.0,Champions
14293.0,24,9,3267.9300000000003,0.0,Champions
14294.0,428,1,375.34,1.0,Churned
14295.0,61,5,2362.91,2.0,Potential
14296.0,442,2,456.40000000000003,1.0,Churned
14297.0,39,4,1305.33,2.0,Potential
14300.0,40,1,43.2,2.0,Potential
14301.0,138,4,1992.18,2.0,Potential
14302.0,452,3,742.9000000000001,1.0,Churned
14303.0,428,2,277.94,1.0,Churned
14304.0,244,3,1725.01,2.0,Potential
14305.0,92,3,1858.96,2.0,Potential
14306.0,72,6,3151.4,0.0,Champions
14307.0,110,10,5071.03,0.0,Champions
14308.0,570,2,1147.02,1.0,Churned
14309.0,29,11,3780.81,0.0,Champions
14310.0,454,1,492.1,1.0,Churned
14311.0,264,2,516.45,2.0,Potential
14312.0,68,11,3090.29,0.0,Champions
14314.0,128,2,229.8,2.0,Potential
14315.0,66,8,3197.82,0.0,Champions
14316.0,443,5,1370.34,1.0,Churned
14317.0,86,1,508.58000000000004,2.0,Potential
14318.0,481,1,158.02,1.0,Churned
14319.0,445,1,494.85,1.0,Churned
14320.0,228,5,1346.75,2.0,Potential
14321.0,32,7,2218.06,0.0,Champions
14322.0,450,4,474.1,1.0,Churned
14323.0,136,2,605.0600000000001,2.0,Potential
14324.0,431,2,701.61,1.0,Churned
14325.0,591,1,245.48000000000002,1.0,Churned
14326.0,263,3,940.98,2.0,Potential
14327.0,184,6,1894.93,2.0,Potential
14328.0,459,1,445.05,1.0,Churned
14330.0,645,1,200.63,1.0,Churned
14331.0,145,2,462.65999999999997,2.0,Potential
14332.0,44,5,1943.51,2.0,Potential
14333.0,89,1,415.2,2.0,Potential
14334.0,38,12,4318.48,0.0,Champions
14335.0,37,2,468.26,2.0,Potential
14336.0,38,4,1614.91,2.0,Potential
14338.0,182,3,928.1,2.0,Potential
14339.0,264,2,620.27,2.0,Potential
14340.0,240,1,134.7,2.0,Potential
14341.0,66,18,4467.32,0.0,Champions
14342.0,42,6,918.44,2.0,Potential
14343.0,442,4,1088.91,1.0,Churned
14344.0,148,20,3333.7000000000003,0.0,Champions
14345.0,60,1,108.97999999999999,2.0,Potential
14346.0,142,5,2315.75,2.0,Potential
14347.0,758,1,82.6,1.0,Churned
14348.0,281,1,409.57,1.0,Churned
14349.0,31,1,133.5,2.0,Potential
14350.0,295,3,972.03,2.0,Potential
14351.0,186,1,51.0,2.0,Potential
14352.0,178,4,1078.96,2.0,Potential
14353.0,236,3,376.5,2.0,Potential
14354.0,27,2,163.62,2.0,Potential
14355.0,387,3,1014.45,1.0,Churned
14356.0,101,2,701.23,2.0,Potential
14357.0,64,1,225.77,2.0,Potential
14358.0,410,2,400.06,1.0,Churned
14359.0,40,3,912.18,2.0,Potential
14360.0,53,4,2128.23,2.0,Potential
14361.0,600,1,214.70999999999998,1.0,Churned
14362.0,43,1,161.2,2.0,Potential
14363.0,423,2,227.47000000000003,1.0,Churned
14364.0,130,8,3717.35,0.0,Champions
14365.0,416,2,634.68,1.0,Churned
14366.0,546,1,136.0,1.0,Churned
14368.0,341,1,155.0,1.0,Churned
14369.0,663,2,469.13,1.0,Churned
14370.0,472,6,1175.78,1.0,Churned
14371.0,316,1,100.5,1.0,Churned
14372.0,464,2,860.08,1.0,Churned
14373.0,379,1,76.55,1.0,Churned
14374.0,562,1,108.0,1.0,Churned
14375.0,206,3,1132.99,2.0,Potential
14376.0,704,1,215.46,1.0,Churned
14377.0,212,2,617.05,2.0,Potential
14378.0,643,1,131.25,1.0,Churned
14379.0,65,4,1268.91,2.0,Potential
14380.0,703,1,48.96,1.0,Churned
14381.0,73,2,631.34,2.0,Potential
14382.0,47,2,1246.8,2.0,Potential
14383.0,59,3,1247.69,2.0,Potential
14384.0,522,1,58.5,1.0,Churned
14385.0,30,3,202.11,2.0,Potential
14386.0,318,1,142.4,1.0,Churned
14387.0,54,3,1770.56,2.0,Potential
14389.0,86,5,1898.01,2.0,Potential
14391.0,598,1,135.6,1.0,Churned
14392.0,453,1,266.4,1.0,Churned
14393.0,239,1,67.95,2.0,Potential
14394.0,586,1,93.8,1.0,Churned
14396.0,86,7,2121.93,0.0,Champions
14397.0,24,19,2612.96,0.0,Champions
14398.0,422,2,707.79,1.0,Churned
14399.0,415,8,2113.16,0.0,Champions
14400.0,170,3,1732.47,2.0,Potential
14402.0,673,1,285.6,1.0,Churned
14403.0,151,6,1880.51,2.0,Potential
14404.0,55,13,2899.11,0.0,Champions
14405.0,408,1,195.0,1.0,Churned
14406.0,140,1,156.75,2.0,Potential
14407.0,128,6,2157.73,2.0,Potential
14408.0,32,11,4109.77,0.0,Champions
14409.0,92,9,3756.09,0.0,Champions
14410.0,113,11,2651.14,0.0,Champions
14411.0,332,1,1063.0,1.0,Churned
14412.0,64,3,1426.19,2.0,Potential
14413.0,383,4,770.37,1.0,Churned
14414.0,113,8,2399.33,0.0,Champions
14416.0,43,2,490.22,2.0,Potential
14417.0,409,1,604.2,1.0,Churned
14418.0,25,3,1937.25,2.0,Potential
14419.0,32,7,1260.91,2.0,Potential
14420.0,120,4,1639.17,2.0,Potential
14421.0,78,6,2469.37,0.0,Champions
14423.0,239,3,916.6099999999999,2.0,Potential
14424.0,39,1,322.08,2.0,Potential
14425.0,456,3,661.39,1.0,Churned
14427.0,71,4,1263.52,2.0,Potential
14428.0,28,5,1244.83,2.0,Potential
14429.0,425,1,516.28,1.0,Churned
14430.0,533,3,1220.9,1.0,Churned
14431.0,324,4,2614.2,2.0,Potential
14432.0,31,6,2255.51,0.0,Champions
14433.0,487,1,289.6,1.0,Churned
14434.0,43,6,1372.8,2.0,Potential
14435.0,523,1,90.42,1.0,Churned
14436.0,120,2,271.70000000000005,2.0,Potential
14437.0,387,5,958.84,1.0,Churned
14438.0,327,1,131.9,1.0,Churned
14441.0,22,11,4611.6900000000005,0.0,Champions
14443.0,75,5,2386.47,2.0,Potential
14444.0,477,1,132.04,1.0,Churned
14445.0,477,1,221.65,1.0,Churned
14446.0,22,5,1241.31,2.0,Potential
14447.0,40,6,1711.73,2.0,Potential
14448.0,30,2,375.35,2.0,Potential
14449.0,40,8,2482.8,0.0,Champions
14450.0,202,7,1128.44,2.0,Potential
14451.0,81,12,3308.77,0.0,Champions
14452.0,32,4,665.59,2.0,Potential
14453.0,211,1,119.93,2.0,Potential
14454.0,397,5,977.3,1.0,Churned
14455.0,453,4,628.21,1.0,Churned
14456.0,26,9,3062.4,0.0,Champions
14457.0,332,1,113.64,1.0,Churned
14458.0,402,1,237.42,1.0,Churned
14460.0,131,9,1093.5,2.0,Potential
14462.0,87,12,2270.01,0.0,Champions
14463.0,119,4,786.5699999999999,2.0,Potential
14464.0,589,2,111.0,1.0,Churned
14465.0,268,11,3946.03,0.0,Champions
14466.0,50,13,4646.9,0.0,Champions
14467.0,39,12,2220.9900000000002,0.0,Champions
14468.0,755,1,204.24,1.0,Churned
14469.0,437,4,2112.21,1.0,Churned
14470.0,33,3,712.04,2.0,Potential
14471.0,612,2,400.95,1.0,Churned
14472.0,125,9,2228.22,0.0,Champions
14473.0,95,2,234.34000000000003,2.0,Potential
14474.0,67,2,1278.08,2.0,Potential
14475.0,93,4,1151.15,2.0,Potential
14476.0,278,1,215.7,1.0,Churned
14477.0,41,7,1969.6,0.0,Champions
14478.0,403,4,1276.66,1.0,Churned
14479.0,275,4,1299.11,2.0,Potential
14480.0,32,4,1299.52,2.0,Potential
14481.0,186,5,2311.4900000000002,2.0,Potential
14482.0,39,12,4357.91,0.0,Champions
14483.0,303,2,257.1,1.0,Churned
14484.0,71,4,1070.98,2.0,Potential
14485.0,60,1,165.75,2.0,Potential
14486.0,533,2,175.5,1.0,Churned
14487.0,48,7,1453.61,2.0,Potential
14488.0,89,1,1064.28,2.0,Potential
14489.0,228,4,1574.93,2.0,Potential
14490.0,427,2,1273.47,1.0,Churned
14491.0,196,2,468.13,2.0,Potential
14492.0,451,7,1921.91,1.0,Churned
14493.0,28,10,5130.15,0.0,Champions
14494.0,47,3,401.46,2.0,Potential
14495.0,72,3,174.8,2.0,Potential
14496.0,333,7,2668.23,0.0,Champions
14497.0,330,2,697.0600000000001,1.0,Churned
14498.0,64,10,3911.27,0.0,Champions
14499.0,47,7,2138.9700000000003,0.0,Champions
14500.0,109,3,356.85,2.0,Potential
14501.0,205,2,251.21,2.0,Potential
14502.0,41,11,2470.67,0.0,Champions
14503.0,24,6,3543.26,0.0,Champions
14504.0,68,4,673.26,2.0,Potential
14506.0,38,7,3290.67,0.0,Champions
14507.0,45,11,3284.43,0.0,Champions
14508.0,43,5,874.94,2.0,Potential
14509.0,555,1,110.95,1.0,Churned
14510.0,397,3,1007.28,1.0,Churned
14511.0,32,5,1314.81,2.0,Potential
14512.0,209,7,1223.47,2.0,Potential
14513.0,122,6,788.01,2.0,Potential
14514.0,82,9,4598.9800000000005,0.0,Champions
14515.0,39,12,3749.2599999999998,0.0,Champions
14516.0,537,1,163.92,1.0,Churned
14517.0,54,2,330.45,2.0,Potential
14518.0,85,1,174.37,2.0,Potential
14519.0,705,2,206.09,1.0,Churned
14520.0,23,2,270.6,2.0,Potential
14521.0,512,1,199.45000000000002,1.0,Churned
14522.0,45,8,1758.6200000000001,0.0,Champions
14523.0,129,1,241.09,2.0,Potential
14524.0,53,13,2933.71,0.0,Champions
14526.0,410,1,262.4,1.0,Churned
14528.0,58,1,364.21999999999997,2.0,Potential
14529.0,81,3,620.04,2.0,Potential
14531.0,501,1,376.34,1.0,Churned
14532.0,257,11,3859.1800000000003,0.0,Champions
14533.0,46,11,3466.37,0.0,Champions
14536.0,281,1,171.8,1.0,Churned
14537.0,79,2,641.4,2.0,Potential
14538.0,86,5,1370.8400000000001,2.0,Potential
14539.0,37,2,537.48,2.0,Potential
14540.0,31,11,3795.34,0.0,Champions
14541.0,80,14,2499.68,0.0,Champions
14542.0,207,1,103.25,2.0,Potential
14544.0,45,3,2982.43,0.0,Champions
14545.0,695,1,349.25,1.0,Churned
14546.0,26,11,5197.9,0.0,Champions
14547.0,25,8,4007.54,0.0,Champions
14548.0,172,9,2627.49,0.0,Champions
14549.0,332,4,916.5500000000001,1.0,Churned
14550.0,32,4,1353.31,2.0,Potential
14551.0,39,7,880.04,2.0,Potential
14552.0,173,3,511.28000000000003,2.0,Potential
14553.0,40,9,1841.54,0.0,Champions
14554.0,31,4,2381.04,2.0,Potential
14555.0,78,6,2315.63,0.0,Champions
14556.0,617,3,835.34,1.0,Churned
14557.0,106,1,788.38,2.0,Potential
14558.0,675,3,655.5,1.0,Churned
14559.0,411,1,75.6,1.0,Churned
14561.0,97,3,1080.76,2.0,Potential
14563.0,531,2,679.44,1.0,Churned
14564.0,456,2,2605.62,1.0,Churned
14565.0,117,5,3859.2200000000003,0.0,Champions
14566.0,132,4,4092.0,0.0,Champions
14567.0,78,2,1530.3600000000001,2.0,Potential
14568.0,456,1,919.7,1.0,Churned
14569.0,22,4,598.98,2.0,Potential
14570.0,302,3,613.75,2.0,Potential
14571.0,446,1,161.65,1.0,Churned
14573.0,201,13,2621.42,0.0,Champions
14574.0,754,1,143.70000000000002,1.0,Churned
14575.0,509,1,460.71,1.0,Churned
14576.0,393,1,70.80000000000001,1.0,Churned
14577.0,34,7,1374.25,2.0,Potential
14578.0,24,1,168.63,2.0,Potential
14579.0,453,1,105.56,1.0,Churned
14580.0,539,1,14.850000000000001,1.0,Churned
14581.0,38,2,433.8,2.0,Potential
14582.0,62,1,114.11,2.0,Potential
14583.0,27,8,1781.03,0.0,Champions
14584.0,190,8,1747.91,0.0,Champions
14585.0,71,5,1143.27,2.0,Potential
14586.0,298,1,237.36,1.0,Churned
14587.0,40,9,1601.14,0.0,Champions
14588.0,599,1,135.39,1.0,Churned
14589.0,393,1,79.5,1.0,Churned
14590.0,446,20,3006.62,0.0,Champions
14591.0,36,4,1447.14,2.0,Potential
14592.0,56,3,570.46,2.0,Potential
14593.0,43,12,3712.0099999999998,0.0,Champions
14594.0,28,2,634.83,2.0,Potential
14595.0,41,8,2164.45,0.0,Champions
14596.0,648,1,229.47,1.0,Churned
14597.0,32,6,2201.54,0.0,Champions
14598.0,65,2,384.04,2.0,Potential
14599.0,411,2,474.54,1.0,Churned
14600.0,327,2,865.1700000000001,1.0,Churned
14601.0,32,1,213.96,2.0,Potential
14602.0,677,1,205.35999999999999,1.0,Churned
14603.0,296,1,660.0,1.0,Churned
14604.0,654,1,143.85999999999999,1.0,Churned
14605.0,395,4,937.16,1.0,Churned
14608.0,25,11,3352.94,0.0,Champions
14609.0,93,10,1486.2,0.0,Champions
14610.0,417,2,24.35,1.0,Churned
14611.0,465,2,604.3299999999999,1.0,Churned
14612.0,436,1,877.7,1.0,Churned
14613.0,701,1,76.32000000000001,1.0,Churned
14614.0,407,1,295.13,1.0,Churned
14615.0,415,5,951.76,1.0,Churned
14616.0,264,5,527.78,2.0,Potential
14617.0,424,2,190.47000000000003,1.0,Churned
14618.0,30,7,1342.32,2.0,Potential
14619.0,267,2,1291.24,2.0,Potential
14620.0,227,2,412.78000000000003,2.0,Potential
14621.0,22,9,3000.57,0.0,Champions
14622.0,206,1,320.58000000000004,2.0,Potential
14623.0,53,10,2059.58,0.0,Champions
14624.0,78,6,814.07,2.0,Potential
14625.0,217,11,4497.88,0.0,Champions
14627.0,400,1,462.75,1.0,Churned
14628.0,112,5,1998.0,2.0,Potential
14629.0,25,2,959.01,2.0,Potential
14630.0,505,1,338.65,1.0,Churned
14631.0,72,6,2025.69,2.0,Potential
14632.0,284,1,114.56,1.0,Churned
14633.0,287,1,344.90000000000003,1.0,Churned
14634.0,459,4,2124.46,1.0,Churned
14635.0,475,1,215.22,1.0,Churned
14636.0,57,2,609.85,2.0,Potential
14637.0,698,1,106.67999999999999,1.0,Churned
14638.0,72,1,443.6,2.0,Potential
14639.0,73,9,4978.96,0.0,Champions
14640.0,45,10,3667.06,0.0,Champions
14641.0,43,1,110.46,2.0,Potential
14642.0,80,1,96.12,2.0,Potential
14643.0,191,5,1679.89,2.0,Potential
14644.0,89,7,2247.72,0.0,Champions
14645.0,178,3,876.89,2.0,Potential
14647.0,222,2,519.97,2.0,Potential
14648.0,437,15,4546.86,0.0,Champions
14649.0,26,9,3775.31,0.0,Champions
14650.0,610,1,62.5,1.0,Churned
14651.0,88,9,2034.1200000000001,0.0,Champions
14652.0,98,1,114.18,2.0,Potential
14653.0,22,12,3614.54,0.0,Champions
14654.0,759,1,246.86,1.0,Churned
14655.0,29,7,3878.51,0.0,Champions
14656.0,190,5,814.65,2.0,Potential
14657.0,39,6,1460.8700000000001,2.0,Potential
14658.0,26,2,247.15,2.0,Potential
14659.0,30,9,2529.93,0.0,Champions
14660.0,108,2,285.74,2.0,Potential
14661.0,48,1,107.95,2.0,Potential
14662.0,50,7,1416.33,2.0,Potential
14663.0,451,2,490.6,1.0,Churned
14664.0,41,2,637.89,2.0,Potential
14665.0,82,7,2749.65,0.0,Champions
14666.0,45,1,195.25,2.0,Potential
14668.0,466,1,111.63,1.0,Churned
14669.0,263,7,3243.93,0.0,Champions
14670.0,301,3,602.0,2.0,Potential
14671.0,570,2,1127.45,1.0,Churned
14672.0,256,4,1113.14,2.0,Potential
14673.0,24,7,3410.81,0.0,Champions
14674.0,530,1,173.66,1.0,Churned
14675.0,37,2,1066.9,2.0,Potential
14677.0,614,1,184.91,1.0,Churned
14678.0,600,1,403.39,1.0,Churned
14679.0,403,3,1289.44,1.0,Churned
14681.0,92,6,875.1500000000001,2.0,Potential
14682.0,209,6,1514.81,2.0,Potential
14683.0,609,1,146.56,1.0,Churned
14684.0,47,6,1468.55,2.0,Potential
14685.0,597,8,4619.79,0.0,Champions
14686.0,435,5,885.83,1.0,Churned
14687.0,128,3,1402.06,2.0,Potential
14689.0,230,1,112.8,2.0,Potential
14690.0,65,4,794.33,2.0,Potential
14691.0,52,5,2114.33,2.0,Potential
14692.0,158,12,1745.09,0.0,Champions
14693.0,286,7,1165.36,2.0,Potential
14694.0,638,1,244.31,1.0,Churned
14695.0,540,3,1620.07,1.0,Churned
14696.0,25,8,2767.9,0.0,Champions
14697.0,239,2,188.60999999999999,2.0,Potential
14698.0,23,5,1250.76,2.0,Potential
14699.0,235,4,702.6,2.0,Potential
14700.0,53,5,3116.26,0.0,Champions
14701.0,32,15,4562.09,0.0,Champions
14703.0,36,1,318.17,2.0,Potential
14704.0,32,11,1813.57,0.0,Champions
14705.0,220,1,179.0,2.0,Potential
14706.0,640,1,390.69,1.0,Churned
14707.0,457,2,139.2,1.0,Churned
14708.0,24,5,2212.2799999999997,2.0,Potential
14710.0,35,13,1922.59,0.0,Champions
14711.0,31,11,2868.8,0.0,Champions
14712.0,50,4,1328.0700000000002,2.0,Potential
14714.0,45,4,906.24,2.0,Potential
14715.0,46,8,1840.45,0.0,Champions
14716.0,64,3,565.45,2.0,Potential
14717.0,754,1,81.3,1.0,Churned
14718.0,431,1,226.42,1.0,Churned
14719.0,23,5,1602.13,2.0,Potential
14720.0,27,3,663.81,2.0,Potential
14721.0,400,1,115.77,1.0,Churned
14722.0,168,3,513.37,2.0,Potential
14723.0,31,11,2093.06,0.0,Champions
14724.0,611,1,345.25,1.0,Churned
14725.0,46,4,1315.24,2.0,Potential
14726.0,676,1,124.75,1.0,Churned
14727.0,295,3,467.92999999999995,2.0,Potential
14728.0,434,1,190.58,1.0,Churned
14729.0,395,3,907.38,1.0,Churned
14730.0,22,8,2005.06,0.0,Champions
14731.0,68,3,380.02,2.0,Potential
14734.0,447,4,1056.42,1.0,Churned
14736.0,506,2,401.08,1.0,Churned
14737.0,25,4,3554.17,0.0,Champions
14738.0,64,9,1821.9,0.0,Champions
14740.0,218,11,4161.06,0.0,Champions
14741.0,33,7,1897.59,0.0,Champions
14742.0,456,1,579.85,1.0,Churned
14743.0,614,1,50.48,1.0,Churned
14744.0,37,14,3885.08,0.0,Champions
14745.0,134,12,2571.81,0.0,Champions
14746.0,427,4,593.5,1.0,Churned
14747.0,270,1,328.2,2.0,Potential
14748.0,50,10,3152.32,0.0,Champions
14749.0,501,1,310.15,1.0,Churned
14750.0,757,1,112.03,1.0,Churned
14751.0,705,2,126.45,1.0,Churned
14752.0,65,1,389.64,2.0,Potential
14753.0,108,2,869.51,2.0,Potential
14754.0,66,6,1550.48,2.0,Potential
14756.0,36,3,2653.76,2.0,Potential
14757.0,96,1,420.5,2.0,Potential
14758.0,166,7,2864.97,0.0,Champions
14759.0,26,3,1625.97,2.0,Potential
14760.0,318,1,89.2,1.0,Churned
14761.0,80,3,447.92,2.0,Potential
14762.0,285,2,417.57,2.0,Potential
14764.0,68,1,278.3,2.0,Potential
14765.0,50,3,254.11,2.0,Potential
14767.0,495,1,382.81,1.0,Churned
14768.0,38,2,192.60000000000002,2.0,Potential
14770.0,253,8,3637.64,0.0,Champions
14771.0,642,2,594.62,1.0,Churned
14772.0,133,1,139.26,2.0,Potential
14773.0,614,1,140.55,1.0,Churned
14774.0,550,1,241.45,1.0,Churned
14775.0,79,3,1418.46,2.0,Potential
14776.0,72,15,3708.3,0.0,Champions
14777.0,425,1,307.56,1.0,Churned
14778.0,148,2,730.86,2.0,Potential
14779.0,302,3,386.15,1.0,Churned
14780.0,76,2,447.68,2.0,Potential
14782.0,341,1,200.10000000000002,1.0,Churned
14783.0,680,1,307.3,1.0,Churned
14784.0,47,3,449.93,2.0,Potential
14785.0,31,2,77.4,2.0,Potential
14786.0,571,1,90.96,1.0,Churned
14787.0,492,1,110.65,1.0,Churned
14788.0,28,3,1156.32,2.0,Potential
14789.0,50,1,197.64,2.0,Potential
14790.0,38,10,2526.62,0.0,Champions
14791.0,628,1,303.63,1.0,Churned
14792.0,85,1,6.2,2.0,Potential
14793.0,42,2,625.9,2.0,Potential
14794.0,24,10,1953.9,0.0,Champions
14795.0,187,1,131.45000000000002,2.0,Potential
14797.0,528,1,300.31,1.0,Churned
14798.0,74,8,724.31,2.0,Potential
14799.0,72,2,338.15,2.0,Potential
14801.0,82,1,193.14,2.0,Potential
14802.0,459,2,1502.98,1.0,Churned
14803.0,183,3,845.55,2.0,Potential
14804.0,30,1,353.27,2.0,Potential
14805.0,36,7,1104.64,2.0,Potential
14806.0,96,2,303.43,2.0,Potential
14807.0,412,2,519.29,1.0,Churned
14808.0,61,8,2741.17,0.0,Champions
14809.0,642,2,686.76,1.0,Churned
14810.0,62,13,2537.02,0.0,Champions
14811.0,408,1,170.5,1.0,Churned
14812.0,620,1,185.8,1.0,Churned
14813.0,391,4,1090.87,1.0,Churned
14814.0,602,1,160.46,1.0,Churned
14815.0,58,2,778.5,2.0,Potential
14816.0,218,1,271.85,2.0,Potential
14817.0,221,7,3959.86,0.0,Champions
14818.0,95,6,1170.41,2.0,Potential
14819.0,85,4,470.16,2.0,Potential
14820.0,42,9,1274.76,2.0,Potential
14821.0,388,7,1286.45,1.0,Churned
14822.0,506,1,157.70000000000002,1.0,Churned
14823.0,201,3,321.43,2.0,Potential
14824.0,31,10,4022.9100000000003,0.0,Champions
14825.0,25,24,4925.08,0.0,Champions
14826.0,603,2,385.2,1.0,Churned
14829.0,50,7,1692.84,2.0,Potential
14830.0,74,1,197.13,2.0,Potential
14831.0,701,3,1676.57,1.0,Churned
14832.0,651,1,322.69,1.0,Churned
14833.0,520,1,94.8,1.0,Churned
14834.0,39,7,2206.16,0.0,Champions
14835.0,550,2,297.0,1.0,Churned
14836.0,31,3,102.44999999999999,2.0,Potential
14837.0,111,9,3460.32,0.0,Champions
14838.0,444,2,773.6700000000001,1.0,Churned
14839.0,439,3,915.28,1.0,Churned
14840.0,289,2,362.71,1.0,Churned
14842.0,65,4,2824.69,0.0,Champions
14843.0,458,1,211.79999999999998,1.0,Churned
14845.0,621,1,150.0,1.0,Churned
14846.0,448,1,437.4,1.0,Churned
14847.0,170,3,1348.95,2.0,Potential
14848.0,426,1,310.56,1.0,Churned
14850.0,333,7,1794.01,2.0,Potential
14851.0,44,3,829.4100000000001,2.0,Potential
14853.0,45,5,1376.87,2.0,Potential
14854.0,99,11,4322.86,0.0,Champions
14856.0,57,3,1311.3799999999999,2.0,Potential
14857.0,81,7,3651.851,0.0,Champions
14858.0,527,1,180.75,1.0,Churned
14859.0,34,5,1705.64,2.0,Potential
14860.0,40,1,170.32,2.0,Potential
14861.0,73,10,1380.73,0.0,Champions
14862.0,47,2,841.1999999999999,2.0,Potential
14863.0,50,1,266.76,2.0,Potential
14865.0,28,4,129.72,2.0,Potential
14867.0,207,16,2952.06,0.0,Champions
14868.0,24,12,4184.01,0.0,Champions
14869.0,30,6,2804.24,0.0,Champions
14870.0,283,6,1838.95,2.0,Potential
14871.0,24,9,1258.97,2.0,Potential
14872.0,505,3,816.6,1.0,Churned
14873.0,231,2,854.13,2.0,Potential
14874.0,556,1,116.18,1.0,Churned
14875.0,129,3,2862.4,2.0,Potential
14876.0,542,2,256.7,1.0,Churned
14877.0,439,2,437.0,1.0,Churned
14878.0,34,25,4105.24,0.0,Champions
14879.0,706,1,185.06,1.0,Churned
14880.0,98,3,706.19,2.0,Potential
14881.0,41,1,255.4,2.0,Potential
14882.0,48,14,3628.15,0.0,Champions
14883.0,40,6,761.59,2.0,Potential
14884.0,690,1,120.6,1.0,Churned
14885.0,153,3,1598.12,2.0,Potential
14886.0,274,1,364.8,2.0,Potential
14887.0,100,1,1862.0,2.0,Potential
14888.0,228,1,369.2,2.0,Potential
14889.0,357,1,135.9,1.0,Churned
14890.0,275,3,817.25,2.0,Potential
14891.0,169,4,1106.73,2.0,Potential
14892.0,712,1,202.35000000000002,1.0,Churned
14893.0,31,3,1809.6100000000001,2.0,Potential
14894.0,106,3,1492.81,2.0,Potential
14896.0,226,8,2092.42,0.0,Champions
14897.0,29,8,3140.54,0.0,Champions
14898.0,44,14,3507.81,0.0,Champions
14899.0,416,1,1384.88,1.0,Churned
14900.0,543,1,13.919999999999998,1.0,Churned
14901.0,32,12,2289.65,0.0,Champions
14902.0,47,3,1035.6200000000001,2.0,Potential
14903.0,42,5,2810.63,0.0,Champions
14904.0,23,4,1640.64,2.0,Potential
14905.0,179,8,1971.39,0.0,Champions
14906.0,466,1,68.44,1.0,Churned
14908.0,95,2,381.9,2.0,Potential
14909.0,458,3,1404.68,1.0,Churned
14910.0,24,4,434.35,2.0,Potential
14912.0,38,6,1889.25,2.0,Potential
14913.0,57,8,4073.13,0.0,Champions
14915.0,112,11,1811.25,0.0,Champions
14916.0,92,8,3042.95,0.0,Champions
14917.0,618,2,1123.75,1.0,Churned
14919.0,560,1,359.35,1.0,Churned
14920.0,234,3,1607.17,2.0,Potential
14921.0,51,2,1316.07,2.0,Potential
14922.0,415,2,843.74,1.0,Churned
14923.0,72,1,749.1,2.0,Potential
14924.0,267,3,931.01,2.0,Potential
14926.0,403,2,359.4,1.0,Churned
14927.0,418,1,308.2,1.0,Churned
14928.0,649,1,223.91000000000003,1.0,Churned
14929.0,53,2,836.69,2.0,Potential
14931.0,26,5,1257.68,2.0,Potential
14932.0,387,2,1029.66,1.0,Churned
14933.0,465,4,1770.0,1.0,Churned
14934.0,103,5,3503.5,0.0,Champions
14935.0,318,2,2849.83,2.0,Potential
14937.0,78,3,1621.88,2.0,Potential
14938.0,583,2,2322.43,1.0,Churned
14940.0,439,2,531.49,1.0,Churned
14941.0,600,1,182.1,1.0,Churned
14942.0,423,4,746.56,1.0,Churned
14943.0,684,1,107.62,1.0,Churned
14945.0,435,1,179.4,1.0,Churned
14946.0,35,1,100.9,2.0,Potential
14947.0,93,6,1049.79,2.0,Potential
14948.0,44,6,1101.97,2.0,Potential
14949.0,490,4,515.0,1.0,Churned
14950.0,40,1,371.2,2.0,Potential
14951.0,100,1,311.69,2.0,Potential
14953.0,46,4,1013.77,2.0,Potential
14954.0,33,2,503.44,2.0,Potential
14955.0,754,1,163.77,1.0,Churned
14956.0,442,1,1325.0,1.0,Churned
14957.0,274,2,333.29,2.0,Potential
14958.0,168,6,957.9399999999999,2.0,Potential
14959.0,85,4,695.42,2.0,Potential
14960.0,29,2,221.27,2.0,Potential
14962.0,292,4,366.91,2.0,Potential
14963.0,31,12,3164.48,0.0,Champions
14964.0,268,1,206.21,2.0,Potential
14965.0,117,2,599.0,2.0,Potential
14966.0,36,6,1115.8400000000001,2.0,Potential
14967.0,71,6,1982.6100000000001,2.0,Potential
14968.0,51,2,504.99,2.0,Potential
14969.0,725,1,906.23,1.0,Churned
14970.0,89,12,4919.35,0.0,Champions
14971.0,56,3,1116.57,2.0,Potential
14972.0,149,2,145.07,2.0,Potential
14973.0,128,3,1314.45,2.0,Potential
14974.0,58,1,114.39,2.0,Potential
14975.0,78,2,472.39,2.0,Potential
14976.0,78,7,790.86,2.0,Potential
14977.0,747,1,31.929999999999996,1.0,Churned
14978.0,93,10,3142.14,0.0,Champions
14979.0,756,1,439.46,1.0,Churned
14980.0,758,1,150.68,1.0,Churned
14981.0,267,2,372.92,2.0,Potential
14982.0,593,1,237.78,1.0,Churned
14983.0,710,1,183.20000000000002,1.0,Churned
14984.0,40,6,1271.41,2.0,Potential
14985.0,219,2,296.75,2.0,Potential
14986.0,397,2,566.9,1.0,Churned
14987.0,37,8,1713.85,0.0,Champions
14988.0,233,7,2066.6,0.0,Champions
14989.0,683,1,342.4,1.0,Churned
14990.0,633,2,305.42,1.0,Churned
14991.0,451,1,314.67,1.0,Churned
14992.0,463,1,210.5,1.0,Churned
14993.0,585,1,36.13,1.0,Churned
14994.0,403,5,960.63,1.0,Churned
14995.0,60,2,233.23000000000002,2.0,Potential
14996.0,502,2,442.28999999999996,1.0,Churned
14997.0,67,4,776.5999999999999,2.0,Potential
14998.0,191,4,770.73,2.0,Potential
14999.0,614,1,129.48000000000002,1.0,Churned
15000.0,69,1,490.52,2.0,Potential
15001.0,415,2,230.85999999999999,1.0,Churned
15002.0,137,9,4817.28,0.0,Champions
15003.0,494,6,1060.7,1.0,Churned
15004.0,168,1,1246.32,2.0,Potential
15006.0,72,2,825.14,2.0,Potential
15007.0,180,1,156.91,2.0,Potential
15008.0,501,2,360.0,1.0,Churned
15009.0,33,3,1261.78,2.0,Potential
15010.0,57,1,308.94,2.0,Potential
15011.0,417,2,416.6,1.0,Churned
15012.0,75,3,860.62,2.0,Potential
15013.0,509,10,1641.3,1.0,Churned
15014.0,64,2,260.17,2.0,Potential
15015.0,522,13,2365.02,0.0,Champions
15016.0,194,5,630.3,2.0,Potential
15017.0,55,1,125.58,2.0,Potential
15018.0,60,3,607.46,2.0,Potential
15019.0,288,1,266.0,1.0,Churned
15020.0,400,1,203.42,1.0,Churned
15021.0,30,12,2783.83,0.0,Champions
15022.0,33,5,1186.09,2.0,Potential
15024.0,31,16,4075.51,0.0,Champions
15025.0,54,2,1013.09,2.0,Potential
15026.0,101,5,1061.61,2.0,Potential
15027.0,52,10,3195.6,0.0,Champions
15028.0,29,6,1157.71,2.0,Potential
15029.0,641,1,365.1,1.0,Churned
15030.0,93,8,1979.91,0.0,Champions
15031.0,25,14,3156.58,0.0,Champions
15033.0,26,10,2586.67,0.0,Champions
15035.0,111,1,252.73000000000002,2.0,Potential
15036.0,93,3,465.55,2.0,Potential
15037.0,397,2,402.51,1.0,Churned
15038.0,80,9,1309.86,2.0,Potential
15040.0,563,1,7.49,1.0,Churned
15041.0,191,2,294.02,2.0,Potential
15042.0,220,2,315.45,2.0,Potential
15043.0,52,6,2873.7999999999997,0.0,Champions
15045.0,173,2,735.66,2.0,Potential
15047.0,291,1,343.62,1.0,Churned
15048.0,86,4,482.75,2.0,Potential
15049.0,295,1,121.17000000000002,1.0,Churned
15050.0,46,5,4193.79,0.0,Champions
15051.0,44,9,3935.16,0.0,Champions
15052.0,340,1,215.78,1.0,Churned
15053.0,26,3,697.79,2.0,Potential
15054.0,33,2,302.1,2.0,Potential
15055.0,496,3,560.07,1.0,Churned
15056.0,541,1,133.45,1.0,Churned
15057.0,296,5,3255.96,0.0,Champions
15058.0,46,16,3410.03,0.0,Champions
15059.0,62,19,3523.57,0.0,Champions
15060.0,29,4,303.09,2.0,Potential
15062.0,92,8,2585.62,0.0,Champions
15063.0,234,1,370.79999999999995,2.0,Potential
15064.0,431,4,1254.41,1.0,Churned
15065.0,59,5,3326.86,0.0,Champions
15066.0,74,1,893.59,2.0,Potential
15067.0,99,5,3877.88,0.0,Champions
15068.0,67,4,1176.85,2.0,Potential
15069.0,200,1,1109.53,2.0,Potential
15070.0,394,3,843.25,1.0,Churned
15071.0,115,4,1455.56,2.0,Potential
15072.0,500,1,187.51999999999998,1.0,Churned
15073.0,31,8,2788.02,0.0,Champions
15074.0,126,3,1566.33,2.0,Potential
15075.0,99,1,773.03,2.0,Potential
15076.0,194,3,1447.74,2.0,Potential
15077.0,516,2,2428.08,1.0,Churned
15079.0,234,11,3767.35,0.0,Champions
15080.0,449,2,546.25,1.0,Churned
15081.0,43,12,1965.72,0.0,Champions
15082.0,690,1,93.35000000000001,1.0,Churned
15083.0,278,1,88.2,1.0,Churned
15084.0,401,2,965.2,1.0,Churned
15085.0,751,1,347.54,1.0,Churned
15086.0,586,2,218.53,1.0,Churned
15087.0,303,1,306.94,1.0,Churned
15088.0,42,2,1160.07,2.0,Potential
15089.0,31,6,2420.84,0.0,Champions
15090.0,329,1,381.32,1.0,Churned
15091.0,89,3,1046.6100000000001,2.0,Potential
15092.0,236,3,776.46,2.0,Potential
15094.0,484,2,83.0,1.0,Churned
15095.0,125,10,3141.64,0.0,Champions
15096.0,64,1,219.39000000000001,2.0,Potential
15097.0,25,3,908.35,2.0,Potential
15099.0,105,1,410.48,2.0,Potential
15100.0,355,7,2894.7,0.0,Champions
15101.0,30,6,1477.94,2.0,Potential
15102.0,552,2,554.67,1.0,Churned
15103.0,52,2,703.36,2.0,Potential
15104.0,218,2,1027.44,2.0,Potential
15105.0,39,9,3094.91,0.0,Champions
15106.0,39,5,1422.52,2.0,Potential
15107.0,332,9,940.35,2.0,Potential
15108.0,163,4,1300.25,2.0,Potential
15109.0,267,3,983.1,2.0,Potential
15110.0,45,6,1505.8500000000001,2.0,Potential
15111.0,50,5,2730.87,0.0,Champions
15112.0,632,1,209.4,1.0,Churned
15113.0,31,3,3609.33,0.0,Champions
15114.0,51,12,3400.12,0.0,Champions
15115.0,39,2,531.85,2.0,Potential
15116.0,39,4,1352.75,2.0,Potential
15117.0,36,8,2485.9700000000003,0.0,Champions
15118.0,155,1,244.8,2.0,Potential
15119.0,267,1,266.4,2.0,Potential
15120.0,155,1,358.82,2.0,Potential
15121.0,71,2,457.72,2.0,Potential
15122.0,135,11,4497.47,0.0,Champions
15123.0,28,5,4656.17,0.0,Champions
15124.0,44,4,450.82,2.0,Potential
15126.0,558,2,449.49,1.0,Churned
15127.0,87,2,711.5,2.0,Potential
15128.0,81,5,1783.68,2.0,Potential
15130.0,191,1,330.11,2.0,Potential
15131.0,416,1,80.28,1.0,Churned
15132.0,39,5,977.9300000000001,2.0,Potential
15133.0,149,5,1806.9,2.0,Potential
15134.0,36,10,1596.29,0.0,Champions
15135.0,260,2,305.68,2.0,Potential
15136.0,24,4,1286.7,2.0,Potential
15137.0,542,2,823.4,1.0,Churned
15138.0,415,1,502.52,1.0,Churned
15139.0,261,2,178.96,2.0,Potential
15140.0,73,8,3243.69,0.0,Champions
15141.0,479,7,1388.47,1.0,Churned
15142.0,67,6,2619.92,0.0,Champions
15143.0,247,2,563.63,2.0,Potential
15145.0,25,4,1194.73,2.0,Potential
15146.0,186,2,1327.16,2.0,Potential
15147.0,261,1,623.5,2.0,Potential
15148.0,32,1,301.29,2.0,Potential
15149.0,155,5,1554.6100000000001,2.0,Potential
15151.0,444,2,2085.61,1.0,Churned
15153.0,52,1,329.25,2.0,Potential
15154.0,96,3,1388.41,2.0,Potential
15155.0,404,1,383.96999999999997,1.0,Churned
15156.0,22,3,961.49,2.0,Potential
15157.0,25,5,2654.11,0.0,Champions
15158.0,66,2,606.02,2.0,Potential
15160.0,378,4,589.27,1.0,Churned
15161.0,409,1,119.92,1.0,Churned
15162.0,752,1,312.9,1.0,Churned
15163.0,39,2,304.47,2.0,Potential
15164.0,90,9,2068.92,0.0,Champions
15165.0,394,1,975.5,1.0,Churned
15166.0,489,1,167.16,1.0,Churned
15167.0,342,5,1659.67,2.0,Potential
15168.0,47,1,106.56,2.0,Potential
15169.0,403,2,569.22,1.0,Churned
15170.0,428,1,81.15,1.0,Churned
15171.0,352,1,1289.5,1.0,Churned
15172.0,30,5,1624.05,2.0,Potential
15173.0,402,7,1494.6,1.0,Churned
15174.0,344,2,481.46,1.0,Churned
15175.0,93,1,224.14,2.0,Potential
15176.0,689,1,988.04,1.0,Churned
15177.0,447,1,948.93,1.0,Churned
15178.0,281,1,40.5,1.0,Churned
15180.0,388,3,904.4300000000001,1.0,Churned
15181.0,87,5,1200.2,2.0,Potential
15182.0,175,11,2998.952,0.0,Champions
15183.0,569,3,639.93,1.0,Churned
15184.0,50,4,689.95,2.0,Potential
15185.0,91,1,310.62,2.0,Potential
15186.0,35,5,1403.2,2.0,Potential
15187.0,23,16,4777.18,0.0,Champions
15188.0,746,1,310.43,1.0,Churned
15190.0,455,1,834.4399999999999,1.0,Churned
15191.0,484,3,588.05,1.0,Churned
15192.0,141,5,1981.39,2.0,Potential
15193.0,82,1,499.32,2.0,Potential
15195.0,24,1,3861.0,0.0,Champions
15196.0,454,2,316.25,1.0,Churned
15197.0,32,6,1877.51,2.0,Potential
15198.0,113,5,571.35,2.0,Potential
15199.0,80,10,3122.4,0.0,Champions
15200.0,516,1,549.05,1.0,Churned
15201.0,108,7,1842.95,2.0,Potential
15203.0,47,15,4400.18,0.0,Champions
15204.0,378,1,316.58,1.0,Churned
15205.0,106,2,653.24,2.0,Potential
15206.0,31,4,420.29999999999995,2.0,Potential
15207.0,437,3,683.9200000000001,1.0,Churned
15208.0,22,6,970.52,2.0,Potential
15209.0,751,1,178.98000000000002,1.0,Churned
15210.0,246,3,1176.19,2.0,Potential
15211.0,81,2,1277.48,2.0,Potential
15212.0,262,2,208.28,2.0,Potential
15213.0,340,2,328.35,1.0,Churned
15214.0,23,8,1661.44,0.0,Champions
15215.0,68,7,2422.43,0.0,Champions
15216.0,109,2,486.09,2.0,Potential
15217.0,584,1,426.24,1.0,Churned
15219.0,197,2,685.45,2.0,Potential
15220.0,73,6,1778.96,2.0,Potential
15221.0,387,4,2465.4500000000003,1.0,Churned
15222.0,340,11,3550.91,0.0,Champions
15223.0,247,5,1417.95,2.0,Potential
15224.0,379,5,871.36,1.0,Churned
15225.0,255,1,409.40000000000003,2.0,Potential
15226.0,332,1,154.41,1.0,Churned
15227.0,58,9,2488.4900000000002,0.0,Champions
15229.0,607,1,160.5,1.0,Churned
15230.0,260,2,429.6,2.0,Potential
15231.0,642,1,250.26,1.0,Churned
15232.0,134,2,612.06,2.0,Potential
15233.0,422,1,59.400000000000006,1.0,Churned
15234.0,298,1,197.0,1.0,Churned
15235.0,239,16,2937.81,0.0,Champions
15236.0,320,1,321.05,1.0,Churned
15237.0,23,4,1412.32,2.0,Potential
15238.0,50,3,1071.99,2.0,Potential
15239.0,31,2,780.59,2.0,Potential
15240.0,66,12,4459.98,0.0,Champions
15241.0,88,11,3050.16,0.0,Champions
15242.0,443,1,302.04,1.0,Churned
15243.0,95,2,927.2800000000001,2.0,Potential
15244.0,86,3,912.08,2.0,Potential
15245.0,155,8,4610.84,0.0,Champions
15246.0,259,3,780.4,2.0,Potential
15247.0,143,3,976.06,2.0,Potential
15248.0,432,3,1893.93,1.0,Churned
15250.0,662,1,60.0,1.0,Churned
15252.0,57,5,2103.41,2.0,Potential
15253.0,37,8,2055.09,0.0,Champions
15254.0,148,3,1088.35,2.0,Potential
15255.0,88,9,3729.42,0.0,Champions
15256.0,170,2,170.4,2.0,Potential
15257.0,304,2,685.9,1.0,Churned
15258.0,190,2,623.16,2.0,Potential
15259.0,534,4,1182.3799999999999,1.0,Churned
15261.0,156,4,1508.0,2.0,Potential
15262.0,345,3,418.82,1.0,Churned
15263.0,128,1,156.51,2.0,Potential
15264.0,85,2,848.4,2.0,Potential
15265.0,172,4,3345.64,0.0,Champions
15266.0,359,5,852.21,1.0,Churned
15267.0,43,5,1717.36,2.0,Potential
15268.0,500,3,961.9000000000001,1.0,Churned
15269.0,45,3,1225.3600000000001,2.0,Potential
15271.0,28,24,4709.54,0.0,Champions
15272.0,78,6,2085.48,2.0,Potential
15273.0,621,1,228.96,1.0,Churned
15274.0,25,2,716.57,2.0,Potential
15275.0,59,1,615.14,2.0,Potential
15276.0,87,4,649.53,2.0,Potential
15277.0,68,2,476.34,2.0,Potential
15278.0,583,4,496.15999999999997,1.0,Churned
15279.0,376,5,1580.54,1.0,Churned
15280.0,193,3,406.21999999999997,2.0,Potential
15282.0,591,1,348.59,1.0,Churned
15283.0,411,3,148.33,1.0,Churned
15284.0,521,1,24.75,1.0,Churned
15285.0,429,1,94.92,1.0,Churned
15286.0,71,1,240.55,2.0,Potential
15287.0,43,5,856.03,2.0,Potential
15288.0,64,10,3883.13,0.0,Champions
15289.0,50,5,1593.09,2.0,Potential
15292.0,222,1,180.94,2.0,Potential
15293.0,687,1,247.5,1.0,Churned
15294.0,432,1,233.35,1.0,Churned
15295.0,675,1,217.23999999999998,1.0,Churned
15297.0,31,3,641.94,2.0,Potential
15300.0,85,1,496.44,2.0,Potential
15302.0,751,1,308.0,1.0,Churned
15303.0,311,3,1224.18,2.0,Potential
15304.0,82,9,919.5500000000001,2.0,Potential
15305.0,576,1,93.6,1.0,Churned
15306.0,85,9,3484.73,0.0,Champions
15307.0,117,1,205.3,2.0,Potential
15308.0,295,1,310.47,1.0,Churned
15309.0,632,4,797.96,1.0,Churned
15310.0,500,1,1634.64,1.0,Churned
15312.0,96,12,2930.19,0.0,Champions
15313.0,131,1,52.0,2.0,Potential
15314.0,220,3,820.4499999999999,2.0,Potential
15315.0,85,2,570.5,2.0,Potential
15316.0,348,1,165.0,1.0,Churned
15317.0,698,1,129.75,1.0,Churned
15318.0,25,1,312.62,2.0,Potential
15319.0,305,1,204.5,1.0,Churned
15320.0,65,1,267.13,2.0,Potential
15322.0,107,2,1390.86,2.0,Potential
15323.0,584,3,434.6,1.0,Churned
15324.0,722,1,140.22000000000003,1.0,Churned
15325.0,125,8,1602.01,2.0,Potential
15326.0,355,5,1700.52,1.0,Churned
15327.0,74,1,208.75,2.0,Potential
15328.0,429,1,107.24,1.0,Churned
15329.0,60,11,2984.33,0.0,Champions
15330.0,53,2,714.96,2.0,Potential
15331.0,521,3,767.91,1.0,Churned
15333.0,229,1,1028.56,2.0,Potential
15334.0,178,3,351.67,2.0,Potential
15335.0,75,1,173.97,2.0,Potential
15336.0,423,1,240.5,1.0,Churned
15337.0,432,1,373.02,1.0,Churned
15338.0,698,1,283.43,1.0,Churned
15339.0,87,7,1827.84,2.0,Potential
15340.0,583,1,105.5,1.0,Churned
15341.0,102,2,2402.7200000000003,2.0,Potential
15342.0,151,1,406.09,2.0,Potential
15343.0,108,1,364.5,2.0,Potential
15344.0,22,3,563.94,2.0,Potential
15345.0,67,1,393.54,2.0,Potential
15346.0,354,3,596.12,1.0,Churned
15347.0,387,4,1363.6,1.0,Churned
15348.0,93,1,158.04,2.0,Potential
15349.0,179,2,473.81,2.0,Potential
15350.0,394,2,663.25,1.0,Churned
15351.0,33,10,3738.29,0.0,Champions
15352.0,570,1,114.95,1.0,Churned
15353.0,276,7,3175.95,0.0,Champions
15354.0,624,3,284.4,1.0,Churned
15355.0,50,2,277.05,2.0,Potential
15356.0,52,13,3464.95,0.0,Champions
15359.0,684,8,181.35,1.0,Churned
15360.0,61,1,427.93,2.0,Potential
15361.0,383,4,689.07,1.0,Churned
15362.0,470,2,613.08,1.0,Churned
15363.0,394,2,1004.11,1.0,Churned
15364.0,117,2,913.19,2.0,Potential
15365.0,47,13,4557.13,0.0,Champions
15366.0,96,7,2389.08,0.0,Champions
15367.0,78,11,5081.33,0.0,Champions
15368.0,42,2,722.74,2.0,Potential
15370.0,62,8,3739.01,0.0,Champions
15371.0,683,1,59.400000000000006,1.0,Churned
15373.0,29,17,3421.39,0.0,Champions
15374.0,150,2,307.32,2.0,Potential
15375.0,711,1,60.959999999999994,1.0,Churned
15376.0,61,3,1233.3600000000001,2.0,Potential
15377.0,404,4,1211.75,1.0,Churned
15378.0,484,2,246.5,1.0,Churned
15379.0,190,8,4877.84,0.0,Champions
15380.0,30,11,3479.0600000000004,0.0,Champions
15381.0,235,5,1890.5700000000002,2.0,Potential
15384.0,191,4,2027.79,2.0,Potential
15385.0,61,3,942.08,2.0,Potential
15386.0,207,1,394.14,2.0,Potential
15387.0,513,1,468.65,1.0,Churned
15388.0,291,1,140.54,1.0,Churned
15389.0,193,5,2733.8,0.0,Champions
15390.0,417,2,1216.66,1.0,Churned
15391.0,605,1,289.87,1.0,Churned
15392.0,26,7,2911.62,0.0,Champions
15393.0,37,5,891.34,2.0,Potential
15395.0,347,1,107.45,1.0,Churned
15396.0,134,2,796.38,2.0,Potential
15397.0,311,1,94.0,1.0,Churned
15398.0,37,2,1345.53,2.0,Potential
15399.0,22,3,815.77,2.0,Potential
15400.0,113,8,1302.3,2.0,Potential
15401.0,473,2,216.95000000000002,1.0,Churned
15402.0,170,6,1830.54,2.0,Potential
15403.0,513,2,170.88,1.0,Churned
15404.0,397,1,257.06,1.0,Churned
15405.0,210,2,659.84,2.0,Potential
15406.0,52,4,975.87,2.0,Potential
15407.0,55,4,1056.44,2.0,Potential
15408.0,285,1,267.18,1.0,Churned
15409.0,742,1,131.25,1.0,Churned
15410.0,105,10,4685.72,0.0,Champions
15411.0,47,4,1358.88,2.0,Potential
15412.0,192,1,190.53,2.0,Potential
15414.0,31,3,774.9000000000001,2.0,Potential
15415.0,334,1,572.8100000000001,1.0,Churned
15416.0,86,7,4572.82,0.0,Champions
15417.0,106,1,508.8,2.0,Potential
15418.0,446,2,452.32,1.0,Churned
15419.0,46,1,135.86,2.0,Potential
15420.0,455,6,743.0,1.0,Churned
15421.0,80,10,3805.34,0.0,Champions
15422.0,344,7,1619.97,2.0,Potential
15423.0,59,3,266.89,2.0,Potential
15424.0,275,3,597.78,2.0,Potential
15425.0,421,4,1944.57,1.0,Churned
15426.0,40,9,2615.39,0.0,Champions
15427.0,54,3,1483.14,2.0,Potential
15428.0,36,4,762.75,2.0,Potential
15429.0,48,2,397.35,2.0,Potential
15430.0,489,2,954.75,1.0,Churned
15431.0,524,1,153.24,1.0,Churned
15432.0,44,2,320.76,2.0,Potential
15433.0,235,2,533.3,2.0,Potential
15434.0,29,11,2567.06,0.0,Champions
15435.0,43,1,149.29,2.0,Potential
15436.0,33,3,1122.53,2.0,Potential
15437.0,283,2,393.45,2.0,Potential
15438.0,152,1,156.57999999999998,2.0,Potential
15439.0,426,4,1269.05,1.0,Churned
15440.0,76,3,383.68,2.0,Potential
15441.0,417,3,1254.21,1.0,Churned
15442.0,270,1,594.0,2.0,Potential
15443.0,23,14,5175.93,0.0,Champions
15444.0,30,2,1418.26,2.0,Potential
15445.0,285,2,284.5,2.0,Potential
15446.0,398,3,406.95,1.0,Churned
15447.0,352,5,492.88,1.0,Churned
15448.0,334,2,788.81,1.0,Churned
15449.0,47,3,974.52,2.0,Potential
15450.0,51,1,429.84,2.0,Potential
15451.0,455,2,233.21,1.0,Churned
15452.0,51,6,1799.1100000000001,2.0,Potential
15453.0,23,7,1388.37,2.0,Potential
15454.0,383,2,307.69,1.0,Churned
15455.0,619,1,38.25,1.0,Churned
15456.0,304,10,2119.27,0.0,Champions
15457.0,283,1,237.07,1.0,Churned
15458.0,46,2,370.43999999999994,2.0,Potential
15459.0,438,2,202.82999999999998,1.0,Churned
15460.0,375,1,216.76,1.0,Churned
15461.0,482,2,429.7,1.0,Churned
15462.0,115,4,737.05,2.0,Potential
15463.0,50,1,126.14,2.0,Potential
15464.0,359,1,1048.85,1.0,Churned
15466.0,106,4,1571.01,2.0,Potential
15467.0,30,3,524.88,2.0,Potential
15468.0,72,3,1430.48,2.0,Potential
15469.0,71,3,874.25,2.0,Potential
15470.0,597,1,63.419999999999995,1.0,Churned
15471.0,23,3,1316.56,2.0,Potential
15472.0,134,1,371.56,2.0,Potential
15473.0,35,8,2046.0,0.0,Champions
15474.0,617,1,163.1,1.0,Churned
15475.0,98,1,454.10999999999996,2.0,Potential
15476.0,401,4,2209.98,1.0,Churned
15477.0,671,1,368.4,1.0,Churned
15478.0,61,3,2024.98,2.0,Potential
15479.0,754,1,147.4,1.0,Churned
15481.0,422,1,1993.34,1.0,Churned
15483.0,182,10,862.2,2.0,Potential
15484.0,22,6,4656.0,0.0,Champions
15486.0,548,1,102.0,1.0,Churned
15487.0,701,1,231.32,1.0,Churned
15488.0,114,5,431.92,2.0,Potential
15489.0,44,8,2419.61,0.0,Champions
15490.0,451,1,217.6,1.0,Churned
15491.0,116,6,3100.09,0.0,Champions
15492.0,49,2,659.4599999999999,2.0,Potential
15493.0,54,9,4314.9800000000005,0.0,Champions
15494.0,42,5,3780.05,0.0,Champions
15495.0,400,1,246.5,1.0,Churned
15496.0,652,1,146.14000000000001,1.0,Churned
15499.0,745,1,161.6,1.0,Churned
15500.0,29,4,1131.56,2.0,Potential
15501.0,426,2,402.5,1.0,Churned
15503.0,384,2,267.15,1.0,Churned
15504.0,102,4,423.85,2.0,Potential
15505.0,74,5,3610.96,0.0,Champions
15506.0,44,6,2040.03,2.0,Potential
15507.0,193,1,492.36,2.0,Potential
15508.0,210,6,1000.27,2.0,Potential
15509.0,401,1,166.51,1.0,Churned
15510.0,352,1,250.0,1.0,Churned
15511.0,33,5,909.23,2.0,Potential
15512.0,177,4,331.58,2.0,Potential
15515.0,408,1,171.81,1.0,Churned
15516.0,66,3,62.43,2.0,Potential
15517.0,254,1,267.03,2.0,Potential
15518.0,85,15,4218.94,0.0,Champions
15519.0,404,2,344.61,1.0,Churned
15520.0,23,1,343.5,2.0,Potential
15522.0,54,2,398.84,2.0,Potential
15524.0,46,2,591.4,2.0,Potential
15525.0,23,4,1295.7,2.0,Potential
15526.0,54,2,148.44,2.0,Potential
15528.0,275,1,229.33,2.0,Potential
15529.0,44,12,5111.95,0.0,Champions
15530.0,43,5,1813.72,2.0,Potential
15531.0,29,2,2007.44,2.0,Potential
15532.0,46,10,3771.9,0.0,Champions
15533.0,40,3,807.57,2.0,Potential
15534.0,747,1,162.25,1.0,Churned
15535.0,194,6,1087.82,2.0,Potential
15536.0,430,1,259.09,1.0,Churned
15537.0,184,1,110.92,2.0,Potential
15538.0,559,6,3358.3999999999996,0.0,Champions
15539.0,28,1,538.46,2.0,Potential
15540.0,32,2,460.68,2.0,Potential
15541.0,135,1,85.13000000000001,2.0,Potential
15542.0,533,3,918.45,1.0,Churned
15543.0,309,2,242.84,1.0,Churned
15545.0,75,2,428.05,2.0,Potential
15546.0,628,2,1079.1000000000001,1.0,Churned
15548.0,617,1,158.09,1.0,Churned
15549.0,98,8,2345.96,0.0,Champions
15550.0,25,12,2218.8,0.0,Champions
15551.0,58,7,1710.08,2.0,Potential
15552.0,238,2,252.52,2.0,Potential
15553.0,81,1,437.23,2.0,Potential
15554.0,299,1,217.2,1.0,Churned
15556.0,45,1,279.77,2.0,Potential
15557.0,50,1,473.65000000000003,2.0,Potential
15558.0,660,1,214.13,1.0,Churned
15559.0,589,1,1109.4,1.0,Churned
15560.0,419,2,153.52,1.0,Churned
15561.0,33,8,1934.3899999999999,0.0,Champions
15562.0,373,3,673.3800000000001,1.0,Churned
15563.0,43,7,2867.0,0.0,Champions
15564.0,484,2,70.74000000000001,1.0,Churned
15565.0,71,2,173.16,2.0,Potential
15566.0,414,2,227.87,1.0,Churned
15567.0,40,1,186.01,2.0,Potential
15568.0,24,3,758.29,2.0,Potential
15569.0,125,10,3586.35,0.0,Champions
15571.0,33,14,4051.63,0.0,Champions
15572.0,26,10,4068.67,0.0,Champions
15573.0,53,5,1207.18,2.0,Potential
15574.0,199,6,1518.7,2.0,Potential
15575.0,641,1,30.1,1.0,Churned
15576.0,59,1,940.6700000000001,2.0,Potential
15577.0,172,5,397.98,2.0,Potential
15578.0,183,1,127.1,2.0,Potential
15579.0,90,5,1302.5,2.0,Potential
15580.0,398,8,1381.19,1.0,Churned
15582.0,46,3,682.9100000000001,2.0,Potential
15583.0,397,1,107.86,1.0,Churned
15584.0,45,6,1277.5,2.0,Potential
15585.0,198,1,455.3,2.0,Potential
15586.0,614,3,1139.1,1.0,Churned
15587.0,71,7,1522.0800000000002,2.0,Potential
15588.0,699,1,579.6,1.0,Churned
15589.0,277,3,478.53000000000003,2.0,Potential
15590.0,403,5,1496.6,1.0,Churned
15591.0,604,3,217.9,1.0,Churned
15592.0,68,1,388.58,2.0,Potential
15593.0,92,1,199.8,2.0,Potential
15594.0,37,5,1771.78,2.0,Potential
15595.0,509,1,357.6,1.0,Churned
15596.0,122,9,3130.04,0.0,Champions
15597.0,56,2,563.37,2.0,Potential
15598.0,74,2,548.02,2.0,Potential
15599.0,48,3,1250.06,2.0,Potential
15600.0,449,4,1199.31,1.0,Churned
15602.0,29,16,3230.51,0.0,Champions
15603.0,100,2,88.48,2.0,Potential
15604.0,73,1,216.39,2.0,Potential
15605.0,57,9,1936.8,0.0,Champions
15606.0,82,17,5230.99,0.0,Champions
15607.0,358,9,1708.97,0.0,Champions
15608.0,49,5,1785.98,2.0,Potential
15609.0,205,1,298.48,2.0,Potential
15610.0,73,1,112.46000000000001,2.0,Potential
15611.0,31,26,2997.28,0.0,Champions
15612.0,57,2,195.15,2.0,Potential
15613.0,631,1,433.71999999999997,1.0,Churned
15614.0,459,4,3147.36,1.0,Churned
15616.0,459,1,317.11,1.0,Churned
15617.0,417,3,828.5500000000001,1.0,Churned
15618.0,54,4,776.851,2.0,Potential
15619.0,32,1,336.40000000000003,2.0,Potential
15620.0,78,4,1942.36,2.0,Potential
15621.0,25,4,1293.03,2.0,Potential
15623.0,162,8,2437.05,0.0,Champions
15624.0,138,4,588.13,2.0,Potential
15625.0,125,9,3236.4,0.0,Champions
15626.0,96,3,1067.52,2.0,Potential
15627.0,478,2,566.9,1.0,Churned
15629.0,471,4,2240.9,1.0,Churned
15630.0,66,3,1481.4,2.0,Potential
15631.0,663,1,596.67,1.0,Churned
15632.0,37,8,3285.31,0.0,Champions
15633.0,530,13,4352.46,0.0,Champions
15634.0,38,2,554.65,2.0,Potential
15635.0,417,1,100.35,1.0,Churned
15636.0,111,4,1444.58,2.0,Potential
15637.0,74,5,797.59,2.0,Potential
15638.0,400,6,2265.2,1.0,Churned
15639.0,155,3,1065.08,2.0,Potential
15642.0,751,1,105.78000000000002,1.0,Churned
15643.0,213,3,664.0,2.0,Potential
15644.0,187,4,813.0,2.0,Potential
15645.0,40,3,1055.17,2.0,Potential
15646.0,179,5,974.61,2.0,Potential
15647.0,436,1,169.0,1.0,Churned
15648.0,225,2,657.35,2.0,Potential
15649.0,357,4,2170.35,1.0,Churned
15650.0,543,2,553.88,1.0,Churned
15651.0,58,5,1259.06,2.0,Potential
15652.0,112,5,1420.34,2.0,Potential
15653.0,114,2,877.4399999999999,2.0,Potential
15654.0,30,2,922.53,2.0,Potential
15655.0,264,1,560.67,2.0,Potential
15656.0,66,4,748.5,2.0,Potential
15657.0,44,1,30.0,2.0,Potential
15658.0,211,8,2423.4700000000003,0.0,Champions
15659.0,65,3,532.49,2.0,Potential
15660.0,46,15,2812.99,0.0,Champions
15661.0,338,8,1215.95,2.0,Potential
15662.0,682,2,283.73,1.0,Churned
15663.0,127,1,138.14,2.0,Potential
15664.0,72,4,1254.03,2.0,Potential
15665.0,189,5,4015.12,0.0,Champions
15666.0,493,2,632.9399999999999,1.0,Churned
15667.0,61,1,301.32,2.0,Potential
15668.0,239,1,76.32000000000001,2.0,Potential
15669.0,61,4,684.34,2.0,Potential
15670.0,318,2,325.2,1.0,Churned
15671.0,40,7,2657.13,0.0,Champions
15672.0,746,1,45.300000000000004,1.0,Churned
15675.0,102,4,542.04,2.0,Potential
15676.0,40,3,3435.76,0.0,Champions
15677.0,70,3,1305.63,2.0,Potential
15678.0,74,3,1893.89,2.0,Potential
15679.0,45,4,781.28,2.0,Potential
15680.0,30,10,4507.58,0.0,Champions
15681.0,46,14,2989.7,0.0,Champions
15682.0,620,2,318.24,1.0,Churned
15683.0,138,2,524.54,2.0,Potential
15684.0,568,3,173.95,1.0,Churned
15685.0,471,1,55.980000000000004,1.0,Churned
15686.0,441,1,90.0,1.0,Churned
15687.0,30,9,2993.1,0.0,Champions
15688.0,440,1,190.57,1.0,Churned
15689.0,141,3,521.03,2.0,Potential
15690.0,25,2,239.76,2.0,Potential
15691.0,273,4,571.3,2.0,Potential
15692.0,49,1,191.04,2.0,Potential
15693.0,680,1,37.5,1.0,Churned
15695.0,288,4,1131.04,2.0,Potential
15696.0,54,13,3906.57,0.0,Champions
15697.0,711,1,246.75,1.0,Churned
15698.0,645,1,46.2,1.0,Churned
15699.0,39,1,309.65,2.0,Potential
15700.0,193,2,696.68,2.0,Potential
15701.0,23,4,1542.14,2.0,Potential
15702.0,497,2,140.39000000000001,1.0,Churned
15703.0,286,1,211.5,1.0,Churned
15704.0,161,6,3817.96,0.0,Champions
15705.0,222,1,143.1,2.0,Potential
15706.0,85,4,1060.56,2.0,Potential
15707.0,56,4,945.58,2.0,Potential
15708.0,62,9,4378.72,0.0,Champions
15709.0,305,2,327.85,1.0,Churned
15710.0,438,1,898.87,1.0,Churned
15711.0,578,2,420.25,1.0,Churned
15712.0,30,12,3472.4100000000003,0.0,Champions
15713.0,164,4,1010.79,2.0,Potential
15714.0,33,5,784.8100000000001,2.0,Potential
15715.0,577,5,658.02,1.0,Churned
15716.0,167,11,3056.81,0.0,Champions
15717.0,255,5,607.0,2.0,Potential
15718.0,561,1,293.79,1.0,Churned
15720.0,45,2,741.92,2.0,Potential
15721.0,33,1,507.08,2.0,Potential
15723.0,386,4,947.65,1.0,Churned
15724.0,222,3,310.85,2.0,Potential
15725.0,36,1,415.25,2.0,Potential
15726.0,411,1,321.91,1.0,Churned
15728.0,401,2,544.6,1.0,Churned
15729.0,234,3,192.55,2.0,Potential
15730.0,87,5,1726.58,2.0,Potential
15731.0,575,1,125.3,1.0,Churned
15732.0,233,10,1682.07,0.0,Champions
15733.0,304,1,162.3,1.0,Churned
15734.0,136,4,2263.3,2.0,Potential
15735.0,442,1,327.68,1.0,Churned
15736.0,456,2,1815.72,1.0,Churned
15737.0,36,8,1205.1200000000001,2.0,Potential
15739.0,87,1,449.12,2.0,Potential
15740.0,70,1,154.88,2.0,Potential
15741.0,479,2,208.62,1.0,Churned
15742.0,640,1,156.87,1.0,Churned
15743.0,37,4,784.46,2.0,Potential
15744.0,99,1,34.8,2.0,Potential
15745.0,40,4,1094.59,2.0,Potential
15746.0,155,1,196.88,2.0,Potential
15747.0,34,9,2562.61,0.0,Champions
15748.0,61,3,614.7600000000001,2.0,Potential
15751.0,482,11,1380.44,0.0,Champions
15752.0,61,9,4207.54,0.0,Champions
15753.0,326,1,79.2,1.0,Churned
15754.0,72,9,3037.61,0.0,Champions
15756.0,82,4,532.96,2.0,Potential
15757.0,87,6,2940.36,0.0,Champions
15758.0,46,1,205.25,2.0,Potential
15759.0,239,7,830.9300000000001,2.0,Potential
15761.0,464,1,143.05,1.0,Churned
15762.0,86,2,583.75,2.0,Potential
15763.0,53,2,1086.92,2.0,Potential
15764.0,109,8,4503.08,0.0,Champions
15765.0,688,1,370.63,1.0,Churned
15766.0,85,3,831.06,2.0,Potential
15770.0,634,1,321.45,1.0,Churned
15771.0,625,3,1006.54,1.0,Churned
15772.0,439,1,280.88,1.0,Churned
15773.0,27,2,774.52,2.0,Potential
15774.0,90,6,1329.94,2.0,Potential
15775.0,266,2,150.5,2.0,Potential
15776.0,154,1,241.62,2.0,Potential
15777.0,262,7,1762.61,2.0,Potential
15778.0,452,1,307.95,1.0,Churned
15779.0,484,2,124.08000000000001,1.0,Churned
15780.0,205,3,475.28000000000003,2.0,Potential
15781.0,46,3,345.46,2.0,Potential
15782.0,31,4,4014.1,0.0,Champions
15783.0,32,1,246.3,2.0,Potential
15784.0,489,2,848.3299999999999,1.0,Churned
15787.0,47,3,948.05,2.0,Potential
15788.0,530,1,221.82999999999998,1.0,Churned
15789.0,379,6,1962.01,1.0,Churned
15790.0,31,1,220.85,2.0,Potential
15791.0,65,5,3608.34,0.0,Champions
15792.0,421,2,933.84,1.0,Churned
15793.0,36,8,2399.57,0.0,Champions
15794.0,757,2,777.0,1.0,Churned
15795.0,171,8,1979.8700000000001,0.0,Champions
15796.0,22,17,5175.83,0.0,Champions
15797.0,134,6,2821.08,0.0,Champions
15798.0,514,3,1535.37,1.0,Churned
15799.0,97,4,1424.29,2.0,Potential
15800.0,128,7,1242.58,2.0,Potential
15801.0,67,3,1063.95,2.0,Potential
15802.0,164,1,451.42,2.0,Potential
15803.0,72,4,1929.66,2.0,Potential
15804.0,22,13,4206.39,0.0,Champions
15806.0,67,3,784.58,2.0,Potential
15807.0,71,5,1817.52,2.0,Potential
15809.0,57,7,1274.44,2.0,Potential
15810.0,100,8,2999.04,0.0,Champions
15811.0,43,7,3890.52,0.0,Champions
15812.0,128,12,5201.47,0.0,Champions
15813.0,229,2,1303.9099999999999,2.0,Potential
15814.0,38,6,2634.44,0.0,Champions
15815.0,85,5,2100.6,2.0,Potential
15816.0,563,2,144.14999999999998,1.0,Churned
15817.0,442,3,2766.4,1.0,Churned
15818.0,609,1,340.5,1.0,Churned
15819.0,70,10,3934.79,0.0,Champions
15820.0,341,1,206.98,1.0,Churned
15821.0,65,2,570.96,2.0,Potential
15822.0,24,6,1840.06,2.0,Potential
15823.0,393,3,3897.17,0.0,Champions
15824.0,474,2,890.94,1.0,Churned
15825.0,193,1,532.94,2.0,Potential
15826.0,77,4,2598.28,2.0,Potential
15827.0,94,28,3794.07,0.0,Champions
15828.0,396,1,1108.82,1.0,Churned
15829.0,120,2,636.14,2.0,Potential
15830.0,59,1,576.0,2.0,Potential
15831.0,79,3,801.76,2.0,Potential
15832.0,275,1,836.79,2.0,Potential
15833.0,759,1,80.4,1.0,Churned
15834.0,91,7,3772.9900000000002,0.0,Champions
15835.0,65,4,954.09,2.0,Potential
15836.0,71,1,137.37,2.0,Potential
15837.0,86,2,777.01,2.0,Potential
15839.0,54,3,1048.49,2.0,Potential
15840.0,80,2,355.56,2.0,Potential
15841.0,94,9,2742.41,0.0,Champions
15842.0,414,2,548.8,1.0,Churned
15843.0,325,1,118.95000000000002,1.0,Churned
15844.0,67,1,130.73999999999998,2.0,Potential
15845.0,39,11,4426.28,0.0,Champions
15846.0,406,1,107.01,1.0,Churned
15847.0,59,5,822.57,2.0,Potential
15848.0,643,1,139.94,1.0,Churned
15850.0,40,6,1058.72,2.0,Potential
15851.0,548,1,109.73,1.0,Churned
15852.0,208,3,257.26,2.0,Potential
15853.0,73,1,110.8,2.0,Potential
15855.0,158,6,1052.72,2.0,Potential
15857.0,40,2,570.48,2.0,Potential
15858.0,37,13,3960.37,0.0,Champions
15859.0,453,1,438.46,1.0,Churned
15860.0,62,17,2505.21,0.0,Champions
15861.0,33,12,4401.79,0.0,Champions
15862.0,29,13,2928.29,0.0,Champions
15863.0,47,5,358.7,2.0,Potential
15864.0,43,7,2180.76,0.0,Champions
15865.0,62,5,2248.92,2.0,Potential
15866.0,122,1,230.53,2.0,Potential
15868.0,604,1,94.53,1.0,Churned
15869.0,298,3,323.65999999999997,1.0,Churned
15870.0,54,4,862.61,2.0,Potential
15871.0,458,1,33.099999999999994,1.0,Churned
15872.0,36,4,795.68,2.0,Potential
15873.0,521,4,313.91999999999996,1.0,Churned
15875.0,667,1,111.72,1.0,Churned
15876.0,430,2,1449.1399999999999,1.0,Churned
15877.0,23,2,493.28,2.0,Potential
15878.0,583,2,330.77,1.0,Churned
15879.0,425,4,1157.3,1.0,Churned
15880.0,390,1,686.5600000000001,1.0,Churned
15881.0,333,5,501.39000000000004,1.0,Churned
15882.0,220,8,1495.98,2.0,Potential
15883.0,23,2,396.48,2.0,Potential
15884.0,453,2,249.70000000000002,1.0,Churned
15885.0,114,15,1951.82,0.0,Champions
15886.0,81,4,1052.8700000000001,2.0,Potential
15887.0,428,3,1027.15,1.0,Churned
15888.0,102,3,429.16,2.0,Potential
15889.0,178,8,1806.28,0.0,Champions
15890.0,416,5,535.65,1.0,Churned
15891.0,248,1,524.52,2.0,Potential
15892.0,690,1,128.2,1.0,Churned
15893.0,503,1,305.28000000000003,1.0,Churned
15894.0,274,2,420.29,2.0,Potential
15895.0,171,1,179.17,2.0,Potential
15897.0,215,2,222.05,2.0,Potential
15899.0,390,1,112.5,1.0,Churned
15900.0,45,4,900.4,2.0,Potential
15901.0,38,7,703.22,2.0,Potential
15902.0,401,1,145.01,1.0,Churned
15904.0,29,1,164.68,2.0,Potential
15905.0,564,1,114.69,1.0,Churned
15906.0,41,10,2555.64,0.0,Champions
15907.0,25,3,967.45,2.0,Potential
15908.0,512,2,764.57,1.0,Churned
15909.0,195,1,191.94,2.0,Potential
15910.0,22,15,2681.8,0.0,Champions
15911.0,645,8,1702.34,1.0,Churned
15912.0,199,9,1074.7,2.0,Potential
15913.0,555,1,6.300000000000001,1.0,Churned
15914.0,399,2,205.99,1.0,Churned
15915.0,423,1,429.21,1.0,Churned
15916.0,37,13,3427.17,0.0,Champions
15917.0,269,5,560.63,2.0,Potential
15918.0,212,3,582.88,2.0,Potential
15919.0,41,2,910.61,2.0,Potential
15920.0,175,9,571.64,2.0,Potential
15921.0,194,4,802.11,2.0,Potential
15922.0,394,1,739.0,1.0,Churned
15923.0,394,1,254.16,1.0,Churned
15924.0,752,1,102.82,1.0,Churned
15925.0,215,1,207.15,2.0,Potential
15926.0,563,1,134.44,1.0,Churned
15927.0,668,1,123.39,1.0,Churned
15928.0,677,1,293.53,1.0,Churned
15929.0,665,1,594.0,1.0,Churned
15930.0,88,1,426.63,2.0,Potential
15931.0,449,1,239.9,1.0,Churned
15932.0,25,8,2495.87,0.0,Champions
15933.0,42,3,1107.46,2.0,Potential
15934.0,439,2,2190.66,1.0,Churned
15935.0,260,2,416.86,2.0,Potential
15936.0,400,2,282.79,1.0,Churned
15937.0,85,1,145.35,2.0,Potential
15938.0,133,9,734.81,2.0,Potential
15940.0,332,1,35.8,1.0,Churned
15941.0,658,1,405.0,1.0,Churned
15942.0,155,1,337.44,2.0,Potential
15943.0,671,2,271.28999999999996,1.0,Churned
15944.0,298,4,2164.24,2.0,Potential
15945.0,386,4,827.27,1.0,Churned
15946.0,524,3,2304.18,1.0,Churned
15947.0,104,1,1708.24,2.0,Potential
15948.0,29,3,1509.0900000000001,2.0,Potential
15949.0,38,2,364.72,2.0,Potential
15951.0,30,3,1013.17,2.0,Potential
15952.0,55,4,806.57,2.0,Potential
15953.0,36,18,3669.5499999999997,0.0,Champions
15954.0,610,1,190.75,1.0,Churned
15956.0,572,2,617.6,1.0,Churned
15957.0,53,3,930.1,2.0,Potential
15958.0,95,4,492.99,2.0,Potential
15959.0,703,3,579.49,1.0,Churned
15960.0,395,4,410.95,1.0,Churned
15961.0,400,1,451.28999999999996,1.0,Churned
15962.0,470,1,295.83,1.0,Churned
15963.0,41,2,470.76,2.0,Potential
15964.0,684,1,272.96000000000004,1.0,Churned
15965.0,38,13,3013.09,0.0,Champions
15966.0,472,1,426.53000000000003,1.0,Churned
15967.0,44,12,3041.6,0.0,Champions
15968.0,409,1,418.05,1.0,Churned
15969.0,24,5,1127.05,2.0,Potential
15970.0,325,2,1017.32,1.0,Churned
15972.0,477,5,1810.27,1.0,Churned
15973.0,388,3,988.44,1.0,Churned
15974.0,60,7,3442.15,0.0,Champions
15975.0,105,1,371.01,2.0,Potential
15976.0,186,6,1746.6399999999999,2.0,Potential
15977.0,38,2,1054.73,2.0,Potential
15978.0,98,3,3279.42,0.0,Champions
15979.0,624,1,329.22,1.0,Churned
15982.0,626,1,324.51,1.0,Churned
15983.0,43,8,3958.8199999999997,0.0,Champions
15985.0,144,7,2715.28,0.0,Champions
15986.0,51,2,354.42,2.0,Potential
15987.0,33,8,1682.13,0.0,Champions
15988.0,40,3,770.09,2.0,Potential
15989.0,397,2,372.51,1.0,Churned
15990.0,65,7,2010.05,0.0,Champions
15991.0,555,1,150.55,1.0,Churned
15992.0,25,3,896.6,2.0,Potential
15993.0,30,7,2797.57,0.0,Champions
15994.0,76,3,1202.18,2.0,Potential
15995.0,435,1,696.19,1.0,Churned
15996.0,109,7,1686.9,2.0,Potential
15999.0,757,1,20.4,1.0,Churned
16001.0,402,1,583.39,1.0,Churned
16002.0,646,1,169.21,1.0,Churned
16004.0,496,5,2146.39,1.0,Churned
16005.0,33,10,2436.22,0.0,Champions
16006.0,232,2,347.17,2.0,Potential
16007.0,69,7,3075.14,0.0,Champions
16009.0,43,4,992.71,2.0,Potential
16010.0,267,11,1724.06,0.0,Champions
16012.0,56,5,2989.79,0.0,Champions
16014.0,59,5,1130.27,2.0,Potential
16015.0,25,3,705.39,2.0,Potential
16016.0,24,11,2533.94,0.0,Champions
16017.0,68,5,1553.83,2.0,Potential
16018.0,60,4,698.13,2.0,Potential
16020.0,38,3,851.01,2.0,Potential
16021.0,416,2,532.25,1.0,Churned
16022.0,281,1,628.28,2.0,Potential
16023.0,67,3,719.81,2.0,Potential
16024.0,33,3,484.2,2.0,Potential
16025.0,51,1,439.65999999999997,2.0,Potential
16026.0,64,1,236.09,2.0,Potential
16027.0,113,15,2048.36,0.0,Champions
16028.0,617,1,82.2,1.0,Churned
16030.0,331,1,331.24,1.0,Churned
16031.0,113,2,548.94,2.0,Potential
16032.0,477,6,1970.45,1.0,Churned
16034.0,217,6,928.72,2.0,Potential
16035.0,581,1,217.73,1.0,Churned
16036.0,108,4,2556.84,2.0,Potential
16037.0,291,5,1509.34,2.0,Potential
16038.0,29,3,471.78000000000003,2.0,Potential
16039.0,445,2,456.4,1.0,Churned
16040.0,86,7,2416.9,0.0,Champions
16041.0,52,3,3166.4,0.0,Champions
16042.0,43,8,2265.12,0.0,Champions
16043.0,59,8,1856.5900000000001,0.0,Champions
16044.0,456,1,340.84000000000003,1.0,Churned
16045.0,141,8,3434.9300000000003,0.0,Champions
16046.0,583,1,235.78,1.0,Churned
16047.0,703,1,107.14,1.0,Churned
16048.0,394,4,1075.23,1.0,Churned
16049.0,61,6,1899.68,2.0,Potential
16050.0,195,3,300.7,2.0,Potential
16051.0,703,1,188.44,1.0,Churned
16052.0,75,1,362.06,2.0,Potential
16053.0,54,6,3634.84,0.0,Champions
16054.0,166,4,2111.88,2.0,Potential
16055.0,242,1,134.8,2.0,Potential
16056.0,66,1,664.85,2.0,Potential
16057.0,37,10,3854.85,0.0,Champions
16058.0,427,1,62.7,1.0,Churned
16059.0,87,12,3217.77,0.0,Champions
16060.0,422,3,541.95,1.0,Churned
16061.0,452,1,89.65,1.0,Churned
16062.0,31,8,2863.45,0.0,Champions
16063.0,281,1,335.32,1.0,Churned
16064.0,746,1,111.0,1.0,Churned
16065.0,386,8,2382.62,0.0,Champions
16066.0,38,5,1521.87,2.0,Potential
16067.0,584,3,3395.29,1.0,Churned
16068.0,615,1,122.93,1.0,Churned
16069.0,439,1,457.7,1.0,Churned
16070.0,43,2,852.15,2.0,Potential
16071.0,66,4,1076.8,2.0,Potential
16072.0,309,4,4328.89,0.0,Champions
16073.0,318,1,122.39999999999999,1.0,Churned
16074.0,411,1,265.25,1.0,Churned
16075.0,524,2,736.9300000000001,1.0,Churned
16076.0,24,10,2234.73,0.0,Champions
16077.0,647,1,2300.4,1.0,Churned
16078.0,305,2,362.99,1.0,Churned
16079.0,38,3,1352.0,2.0,Potential
16080.0,103,4,602.5600000000001,2.0,Potential
16081.0,77,8,4460.18,0.0,Champions
16082.0,691,1,106.75,1.0,Churned
16083.0,122,4,2351.42,2.0,Potential
16084.0,320,1,436.18,1.0,Churned
16085.0,44,12,2343.53,0.0,Champions
16086.0,80,10,2864.9900000000002,0.0,Champions
16087.0,410,5,1739.92,1.0,Churned
16088.0,597,2,1437.43,1.0,Churned
16089.0,407,2,271.44,1.0,Churned
16090.0,645,1,205.91,1.0,Churned
16091.0,176,2,315.06,2.0,Potential
16092.0,136,6,1587.94,2.0,Potential
16093.0,128,1,17.0,2.0,Potential
16094.0,33,11,3695.56,0.0,Champions
16095.0,477,1,447.05,1.0,Churned
16096.0,285,4,1584.97,2.0,Potential
16097.0,261,1,185.04999999999998,2.0,Potential
16098.0,109,14,4448.1,0.0,Champions
16099.0,71,7,1573.2,2.0,Potential
16100.0,484,1,582.64,1.0,Churned
16101.0,92,4,3229.16,0.0,Champions
16102.0,63,3,1842.14,2.0,Potential
16104.0,83,9,2778.61,0.0,Champions
16105.0,270,5,2386.19,2.0,Potential
16106.0,87,1,108.38,2.0,Potential
16107.0,39,7,3204.1600000000003,0.0,Champions
16108.0,106,4,2235.92,2.0,Potential
16109.0,240,3,939.48,2.0,Potential
16110.0,66,4,1819.27,2.0,Potential
16111.0,449,1,562.48,1.0,Churned
16112.0,164,4,195.73999999999998,2.0,Potential
16113.0,204,1,161.38,2.0,Potential
16114.0,192,1,135.75000000000003,2.0,Potential
16115.0,31,12,2575.14,0.0,Champions
16116.0,233,1,612.78,2.0,Potential
16117.0,211,3,654.4,2.0,Potential
16118.0,674,1,4376.25,1.0,Churned
16119.0,29,8,1720.81,0.0,Champions
16120.0,80,6,3056.91,0.0,Champions
16121.0,78,5,1477.09,2.0,Potential
16122.0,94,6,1001.34,2.0,Potential
16123.0,73,1,307.78,2.0,Potential
16124.0,338,4,1772.49,2.0,Potential
16125.0,388,14,4587.65,0.0,Champions
16127.0,60,2,801.31,2.0,Potential
16128.0,39,11,3801.05,0.0,Champions
16129.0,428,3,1396.05,1.0,Churned
16130.0,443,4,987.48,1.0,Churned
16132.0,565,2,664.1999999999999,1.0,Churned
16134.0,43,5,2145.34,2.0,Potential
16135.0,284,2,819.45,2.0,Potential
16136.0,81,4,946.8,2.0,Potential
16137.0,701,1,422.7,1.0,Churned
16138.0,400,3,910.35,1.0,Churned
16139.0,40,5,1111.15,2.0,Potential
16140.0,87,3,1557.6000000000001,2.0,Potential
16141.0,109,2,955.94,2.0,Potential
16142.0,271,1,535.34,2.0,Potential
16143.0,24,12,4910.83,0.0,Champions
16144.0,268,1,175.2,2.0,Potential
16146.0,178,4,946.38,2.0,Potential
16147.0,155,5,2398.91,2.0,Potential
16148.0,317,2,386.62,1.0,Churned
16149.0,26,3,422.22,2.0,Potential
16150.0,64,10,4395.59,0.0,Champions
16152.0,290,1,1829.04,2.0,Potential
16153.0,71,11,5133.49,0.0,Champions
16155.0,403,5,796.9,1.0,Churned
16157.0,37,3,656.69,2.0,Potential
16158.0,543,9,628.32,1.0,Churned
16159.0,303,4,1232.79,2.0,Potential
16160.0,86,2,1025.44,2.0,Potential
16162.0,273,1,37.4,1.0,Churned
16163.0,253,6,2849.58,0.0,Champions
16164.0,38,3,822.48,2.0,Potential
16165.0,526,1,79.9,1.0,Churned
16166.0,449,2,435.83,1.0,Churned
16167.0,435,5,1386.1200000000001,1.0,Churned
16169.0,29,4,1822.97,2.0,Potential
16171.0,80,1,73.2,2.0,Potential
16172.0,116,8,1884.55,0.0,Champions
16173.0,37,6,1418.32,2.0,Potential
16174.0,147,7,2246.75,0.0,Champions
16175.0,115,7,1836.44,2.0,Potential
16176.0,442,4,2052.69,1.0,Churned
16177.0,71,8,2247.31,0.0,Champions
16178.0,159,2,612.6,2.0,Potential
16179.0,82,1,215.83,2.0,Potential
16181.0,94,1,305.54,2.0,Potential
16183.0,88,4,1077.81,2.0,Potential
16184.0,85,6,1158.79,2.0,Potential
16185.0,38,3,644.72,2.0,Potential
16188.0,66,5,1087.66,2.0,Potential
16189.0,37,2,215.48,2.0,Potential
16190.0,61,8,2723.55,0.0,Champions
16192.0,757,1,351.3,1.0,Churned
16193.0,258,2,630.43,2.0,Potential
16194.0,396,1,308.59999999999997,1.0,Churned
16195.0,744,1,323.25,1.0,Churned
16196.0,510,1,93.3,1.0,Churned
16197.0,490,9,2016.71,0.0,Champions
16198.0,96,2,1030.0410000000002,2.0,Potential
16199.0,413,7,942.75,1.0,Churned
16201.0,24,5,2112.12,2.0,Potential
16202.0,382,9,2501.9900000000002,0.0,Champions
16203.0,80,6,1114.54,2.0,Potential
16204.0,44,3,944.24,2.0,Potential
16205.0,52,7,1830.61,2.0,Potential
16206.0,76,13,2602.32,0.0,Champions
16207.0,46,1,394.38,2.0,Potential
16208.0,66,10,3440.45,0.0,Champions
16209.0,110,9,4146.78,0.0,Champions
16211.0,110,3,1090.59,2.0,Potential
16212.0,40,4,1293.71,2.0,Potential
16213.0,100,1,159.0,2.0,Potential
16214.0,192,4,2038.25,2.0,Potential
16215.0,102,1,242.35,2.0,Potential
16216.0,288,1,914.9300000000001,2.0,Potential
16217.0,256,2,304.25,2.0,Potential
16218.0,51,13,4439.97,0.0,Champions
16219.0,522,1,40.8,1.0,Churned
16221.0,58,9,2235.5099999999998,0.0,Champions
16222.0,339,2,1345.22,1.0,Churned
16223.0,396,2,1102.3500000000001,1.0,Churned
16224.0,78,5,1616.54,2.0,Potential
16225.0,66,15,2867.4100000000003,0.0,Champions
16226.0,224,5,672.1700000000001,2.0,Potential
16227.0,246,3,1027.22,2.0,Potential
16228.0,406,3,890.8100000000001,1.0,Churned
16229.0,108,6,2867.86,0.0,Champions
16230.0,211,2,542.03,2.0,Potential
16231.0,400,4,1078.22,1.0,Churned
16232.0,65,7,2712.97,0.0,Champions
16233.0,92,9,1965.71,0.0,Champions
16234.0,497,3,333.18,1.0,Churned
16235.0,62,9,2053.71,0.0,Champions
16236.0,99,1,432.2,2.0,Potential
16237.0,458,1,136.65,1.0,Churned
16238.0,444,1,63.66,1.0,Churned
16239.0,78,6,1492.2,2.0,Potential
16240.0,45,2,3718.8,0.0,Champions
16241.0,31,16,4329.31,0.0,Champions
16243.0,55,2,409.1,2.0,Potential
16244.0,233,2,2579.38,2.0,Potential
16245.0,45,3,1413.66,2.0,Potential
16246.0,481,2,827.25,1.0,Churned
16247.0,191,1,114.56,2.0,Potential
16248.0,83,1,152.94,2.0,Potential
16249.0,74,5,1800.07,2.0,Potential
16250.0,282,3,791.38,2.0,Potential
16251.0,533,1,128.31,1.0,Churned
16252.0,404,1,295.09000000000003,1.0,Churned
16254.0,399,3,985.14,1.0,Churned
16255.0,38,15,4906.8,0.0,Champions
16256.0,288,3,1629.37,2.0,Potential
16257.0,198,1,46.95,2.0,Potential
16259.0,431,3,361.94,1.0,Churned
16260.0,72,1,1035.45,2.0,Potential
16261.0,38,6,1059.45,2.0,Potential
16262.0,399,1,755.15,1.0,Churned
16263.0,444,1,351.01,1.0,Churned
16264.0,459,2,837.53,1.0,Churned
16266.0,95,14,1757.95,0.0,Champions
16267.0,612,1,186.66,1.0,Churned
16268.0,92,2,667.65,2.0,Potential
16269.0,459,1,717.57,1.0,Churned
16270.0,374,1,1141.24,1.0,Churned
16271.0,24,10,3463.02,0.0,Champions
16272.0,138,1,411.7,2.0,Potential
16273.0,669,2,336.03999999999996,1.0,Churned
16274.0,394,1,715.9,1.0,Churned
16275.0,218,3,2151.11,2.0,Potential
16276.0,198,3,2629.3900000000003,2.0,Potential
16277.0,755,1,188.69,1.0,Churned
16278.0,121,3,1117.84,2.0,Potential
16280.0,746,1,238.05,1.0,Churned
16281.0,93,3,3424.02,0.0,Champions
16282.0,361,3,1307.58,1.0,Churned
16283.0,27,8,4403.82,0.0,Champions
16284.0,52,3,1029.77,2.0,Potential
16285.0,667,1,176.9,1.0,Churned
16286.0,498,2,328.95,1.0,Churned
16287.0,191,5,1006.98,2.0,Potential
16288.0,491,1,129.85,1.0,Churned
16289.0,483,1,136.31,1.0,Churned
16290.0,486,4,2069.3,1.0,Churned
16291.0,703,1,117.72,1.0,Churned
16292.0,143,5,1253.76,2.0,Potential
16293.0,43,15,4657.95,0.0,Champions
16294.0,498,1,126.05000000000001,1.0,Churned
16295.0,31,4,1328.55,2.0,Potential
16296.0,647,4,1313.67,1.0,Churned
16297.0,290,1,301.9,1.0,Churned
16298.0,44,7,1085.7,2.0,Potential
16299.0,498,1,193.65,1.0,Churned
16300.0,451,3,1392.43,1.0,Churned
16301.0,758,1,107.33,1.0,Churned
16302.0,148,1,233.22,2.0,Potential
16304.0,716,1,381.66,1.0,Churned
16305.0,160,1,361.21999999999997,2.0,Potential
16306.0,235,7,1192.82,2.0,Potential
16307.0,450,3,1194.92,1.0,Churned
16308.0,59,7,5120.0,0.0,Champions
16309.0,127,2,706.57,2.0,Potential
16310.0,435,2,460.08,1.0,Churned
16311.0,39,2,616.26,2.0,Potential
16312.0,453,1,171.15,1.0,Churned
16313.0,24,2,274.15000000000003,2.0,Potential
16314.0,411,3,1491.4,1.0,Churned
16315.0,352,2,402.71,1.0,Churned
16317.0,141,5,2192.51,2.0,Potential
16318.0,56,1,328.15,2.0,Potential
16319.0,239,1,404.40000000000003,2.0,Potential
16321.0,93,7,604.5500000000001,2.0,Potential
16322.0,22,2,326.75,2.0,Potential
16323.0,217,2,353.66,2.0,Potential
16324.0,149,3,428.68,2.0,Potential
16325.0,68,12,3597.5,0.0,Champions
16326.0,27,24,4826.99,0.0,Champions
16328.0,584,1,310.83,1.0,Churned
16329.0,449,4,1703.07,1.0,Churned
16330.0,39,7,634.33,2.0,Potential
16331.0,453,6,2037.7,1.0,Churned
16332.0,49,11,2010.41,0.0,Champions
16334.0,513,1,277.48,1.0,Churned
16335.0,573,7,2774.0,1.0,Churned
16336.0,442,4,3517.69,0.0,Champions
16337.0,58,1,151.05,2.0,Potential
16338.0,178,1,214.79999999999998,2.0,Potential
16339.0,305,1,109.95,1.0,Churned
16340.0,128,3,1526.06,2.0,Potential
16341.0,46,7,3850.79,0.0,Champions
16342.0,96,4,322.41,2.0,Potential
16343.0,37,3,687.0699999999999,2.0,Potential
16344.0,179,4,842.42,2.0,Potential
16345.0,65,2,1198.74,2.0,Potential
16346.0,406,1,224.51,1.0,Churned
16347.0,32,11,3509.41,0.0,Champions
16348.0,53,8,1798.22,0.0,Champions
16349.0,312,1,53.5,1.0,Churned
16350.0,42,9,2253.89,0.0,Champions
16351.0,354,13,3330.0299999999997,0.0,Champions
16352.0,39,2,494.44,2.0,Potential
16354.0,84,5,1129.51,2.0,Potential
16355.0,396,1,416.35,1.0,Churned
16356.0,219,6,415.87,2.0,Potential
16357.0,54,4,868.37,2.0,Potential
16358.0,22,5,2919.65,0.0,Champions
16359.0,28,16,2697.75,0.0,Champions
16360.0,26,6,3512.53,0.0,Champions
16361.0,31,4,896.66,2.0,Potential
16362.0,53,6,946.94,2.0,Potential
16363.0,74,1,109.36000000000001,2.0,Potential
16364.0,33,2,707.04,2.0,Potential
16365.0,39,15,3307.2,0.0,Champions
16366.0,40,4,1548.1299999999999,2.0,Potential
16367.0,58,3,1362.4,2.0,Potential
16368.0,23,3,640.21,2.0,Potential
16369.0,39,7,2664.81,0.0,Champions
16370.0,103,4,1320.56,2.0,Potential
16371.0,470,1,157.2,1.0,Churned
16372.0,54,5,1328.61,2.0,Potential
16373.0,403,2,309.49,1.0,Churned
16374.0,87,5,1771.45,2.0,Potential
16375.0,491,2,104.0,1.0,Churned
16376.0,30,2,987.01,2.0,Potential
16377.0,288,2,1308.48,2.0,Potential
16378.0,268,3,362.95,2.0,Potential
16379.0,25,4,2157.4,2.0,Potential
16380.0,82,1,1780.59,2.0,Potential
16381.0,417,2,258.7,1.0,Churned
16382.0,429,2,353.1,1.0,Churned
16383.0,96,7,2974.84,0.0,Champions
16384.0,111,4,1358.95,2.0,Potential
16385.0,81,5,1030.61,2.0,Potential
16386.0,50,3,1102.59,2.0,Potential
16387.0,344,5,918.55,1.0,Churned
16388.0,675,1,186.05,1.0,Churned
16389.0,74,4,1382.07,2.0,Potential
16390.0,558,3,467.5,1.0,Churned
16391.0,422,4,1103.61,1.0,Churned
16392.0,291,3,763.05,2.0,Potential
16394.0,78,5,1555.34,2.0,Potential
16395.0,82,14,3537.85,0.0,Champions
16396.0,497,1,137.8,1.0,Churned
16397.0,649,1,127.88,1.0,Churned
16398.0,175,2,1705.8,2.0,Potential
16399.0,40,3,641.82,2.0,Potential
16400.0,116,9,3159.44,0.0,Champions
16402.0,286,2,511.4,2.0,Potential
16403.0,333,1,177.5,1.0,Churned
16404.0,91,1,443.05,2.0,Potential
16405.0,323,2,167.25,1.0,Churned
16406.0,40,3,552.68,2.0,Potential
16407.0,34,14,2821.65,0.0,Champions
16408.0,612,1,231.93,1.0,Churned
16410.0,755,1,130.32,1.0,Churned
16411.0,40,4,910.1899999999999,2.0,Potential
16412.0,75,5,647.23,2.0,Potential
16413.0,78,2,528.98,2.0,Potential
16414.0,43,5,559.71,2.0,Potential
16415.0,65,3,719.44,2.0,Potential
16416.0,48,9,2972.88,0.0,Champions
16417.0,514,1,35.7,1.0,Churned
16418.0,66,5,1101.94,2.0,Potential
16419.0,134,8,1487.42,2.0,Potential
16420.0,417,1,75.0,1.0,Churned
16421.0,397,3,526.27,1.0,Churned
16423.0,46,1,346.12,2.0,Potential
16424.0,212,2,443.06,2.0,Potential
16425.0,323,1,302.7,1.0,Churned
16426.0,23,10,1908.25,0.0,Champions
16427.0,284,2,241.06,2.0,Potential
16428.0,435,3,660.28,1.0,Churned
16429.0,127,1,284.55,2.0,Potential
16430.0,78,7,1117.94,2.0,Potential
16431.0,234,3,642.81,2.0,Potential
16432.0,85,1,287.4,2.0,Potential
16433.0,49,2,384.52,2.0,Potential
16434.0,50,12,2741.74,0.0,Champions
16435.0,533,3,1011.5699999999999,1.0,Churned
16436.0,689,3,329.34,1.0,Churned
16437.0,402,2,301.25,1.0,Churned
16438.0,27,5,798.35,2.0,Potential
16439.0,743,1,310.70000000000005,1.0,Churned
16440.0,29,6,3856.9700000000003,0.0,Champions
16441.0,88,5,1034.43,2.0,Potential
16442.0,23,5,899.47,2.0,Potential
16443.0,542,1,162.24,1.0,Churned
16444.0,67,17,3656.58,0.0,Champions
16445.0,55,4,602.73,2.0,Potential
16447.0,157,3,775.14,2.0,Potential
16448.0,219,2,367.87,2.0,Potential
16449.0,219,2,707.69,2.0,Potential
16450.0,171,3,1505.73,2.0,Potential
16451.0,109,3,1013.15,2.0,Potential
16452.0,652,2,332.17,1.0,Churned
16453.0,552,2,251.71,1.0,Churned
16454.0,66,4,30.950000000000003,2.0,Potential
16455.0,85,11,4384.37,0.0,Champions
16457.0,239,1,208.36,2.0,Potential
16459.0,751,1,71.78999999999999,1.0,Churned
16460.0,49,3,814.72,2.0,Potential
16461.0,199,3,1615.22,2.0,Potential
16462.0,95,3,136.0,2.0,Potential
16463.0,42,4,1422.4,2.0,Potential
16464.0,41,3,1314.68,2.0,Potential
16465.0,442,2,746.24,1.0,Churned
16466.0,55,15,3838.59,0.0,Champions
16467.0,530,7,2869.16,0.0,Champions
16468.0,95,3,787.52,2.0,Potential
16469.0,45,5,828.91,2.0,Potential
16470.0,73,11,2458.6,0.0,Champions
16471.0,296,4,1189.98,2.0,Potential
16472.0,455,2,789.6,1.0,Churned
16473.0,186,4,470.83,2.0,Potential
16474.0,28,7,1871.5,2.0,Potential
16475.0,109,4,544.3,2.0,Potential
16476.0,453,1,350.35,1.0,Churned
16477.0,85,11,4320.02,0.0,Champions
16478.0,46,3,331.0,2.0,Potential
16479.0,31,2,300.83,2.0,Potential
16480.0,97,1,769.29,2.0,Potential
16481.0,703,1,453.38,1.0,Churned
16482.0,37,1,220.62,2.0,Potential
16483.0,213,1,139.35,2.0,Potential
16484.0,195,2,404.3,2.0,Potential
16485.0,98,5,2294.68,2.0,Potential
16486.0,559,1,134.36,1.0,Churned
16487.0,598,2,209.4,1.0,Churned
16488.0,54,3,498.8,2.0,Potential
16489.0,401,2,303.7,1.0,Churned
16490.0,457,1,205.41000000000003,1.0,Churned
16491.0,68,2,1533.16,2.0,Potential
16492.0,562,1,385.56,1.0,Churned
16493.0,101,7,2132.09,0.0,Champions
16494.0,318,1,826.53,1.0,Churned
16495.0,24,3,684.41,2.0,Potential
16496.0,30,6,2330.77,0.0,Champions
16498.0,182,2,100.97,2.0,Potential
16499.0,381,8,2578.34,0.0,Champions
16500.0,26,9,843.9100000000001,2.0,Potential
16501.0,404,1,1237.23,1.0,Churned
16502.0,641,2,266.5,1.0,Churned
16503.0,128,11,3614.34,0.0,Champions
16504.0,46,1,484.38,2.0,Potential
16505.0,53,1,777.6,2.0,Potential
16506.0,41,2,90.30000000000001,2.0,Potential
16507.0,593,1,152.76,1.0,Churned
16508.0,651,1,248.8,1.0,Churned
16509.0,318,1,363.7,1.0,Churned
16510.0,393,6,2100.0,1.0,Churned
16511.0,43,6,1819.02,2.0,Potential
16513.0,26,4,874.59,2.0,Potential
16515.0,73,10,3216.3,0.0,Champions
16516.0,51,1,101.69999999999999,2.0,Potential
16517.0,298,1,162.7,1.0,Churned
16518.0,82,4,959.37,2.0,Potential
16519.0,46,4,556.26,2.0,Potential
16520.0,207,6,2482.62,0.0,Champions
16521.0,436,3,1148.01,1.0,Churned
16522.0,457,2,433.36,1.0,Churned
16524.0,467,2,308.14,1.0,Churned
16526.0,193,2,717.21,2.0,Potential
16527.0,102,2,1272.44,2.0,Potential
16528.0,25,1,244.41,2.0,Potential
16529.0,211,4,2012.0,2.0,Potential
16530.0,689,1,48.349999999999994,1.0,Churned
16531.0,43,11,2298.33,0.0,Champions
16533.0,40,3,1095.56,2.0,Potential
16534.0,663,1,635.9,1.0,Churned
16535.0,26,3,1001.59,2.0,Potential
16536.0,131,1,548.97,2.0,Potential
16537.0,662,1,23.35,1.0,Churned
16538.0,562,3,399.62,1.0,Churned
16539.0,24,10,3732.01,0.0,Champions
16540.0,435,1,226.70000000000002,1.0,Churned
16541.0,756,1,424.03,1.0,Churned
16542.0,75,2,257.32,2.0,Potential
16543.0,613,1,292.21,1.0,Churned
16544.0,541,4,376.70000000000005,1.0,Churned
16545.0,186,2,689.82,2.0,Potential
16547.0,567,1,111.71,1.0,Churned
16548.0,620,1,30.15,1.0,Churned
16551.0,117,7,2237.12,0.0,Champions
16552.0,264,2,475.02000000000004,2.0,Potential
16554.0,63,8,2841.72,0.0,Champions
16555.0,56,6,1915.68,2.0,Potential
16557.0,45,2,281.85,2.0,Potential
16559.0,418,1,185.20000000000002,1.0,Churned
16560.0,48,8,3048.38,0.0,Champions
16561.0,27,2,511.12,2.0,Potential
16562.0,498,1,223.85999999999999,1.0,Churned
16563.0,75,6,4422.76,0.0,Champions
16564.0,590,1,87.8,1.0,Churned
16565.0,385,4,773.05,1.0,Churned
16566.0,36,5,614.66,2.0,Potential
16567.0,215,2,865.6,2.0,Potential
16568.0,449,2,1020.9000000000001,1.0,Churned
16569.0,24,5,1455.23,2.0,Potential
16571.0,48,10,4248.74,0.0,Champions
16572.0,148,3,1009.6,2.0,Potential
16573.0,106,2,663.61,2.0,Potential
16574.0,92,3,1301.78,2.0,Potential
16576.0,441,2,540.87,1.0,Churned
16577.0,688,1,380.0,1.0,Churned
16578.0,647,1,156.6,1.0,Churned
16579.0,447,1,295.05,1.0,Churned
16581.0,204,1,105.84,2.0,Potential
16582.0,134,1,313.62,2.0,Potential
16583.0,395,2,531.4,1.0,Churned
16584.0,101,5,3163.67,0.0,Champions
16585.0,615,2,341.59,1.0,Churned
16586.0,270,3,1462.78,2.0,Potential
16587.0,253,1,225.15,2.0,Potential
16588.0,407,4,1361.28,1.0,Churned
16589.0,92,4,612.36,2.0,Potential
16590.0,422,2,605.9,1.0,Churned
16591.0,90,1,213.5,2.0,Potential
16593.0,72,8,1071.1399999999999,2.0,Potential
16594.0,96,1,181.09,2.0,Potential
16595.0,82,5,1810.18,2.0,Potential
16596.0,37,4,579.63,2.0,Potential
16597.0,25,1,90.04,2.0,Potential
16598.0,307,1,145.04999999999998,1.0,Churned
16599.0,407,1,172.8,1.0,Churned
16600.0,25,13,2153.41,0.0,Champions
16601.0,62,3,684.25,2.0,Potential
16602.0,57,2,763.33,2.0,Potential
16603.0,96,2,482.47,2.0,Potential
16604.0,584,2,432.45,1.0,Churned
16605.0,745,1,60.48,1.0,Churned
16606.0,425,2,357.66,1.0,Churned
16608.0,475,2,1288.72,1.0,Churned
16610.0,240,1,75.66,2.0,Potential
16611.0,207,6,1785.13,2.0,Potential
16612.0,54,9,3245.43,0.0,Champions
16613.0,91,1,618.59,2.0,Potential
16614.0,204,3,1179.79,2.0,Potential
16615.0,647,1,291.5,1.0,Churned
16616.0,36,2,500.42,2.0,Potential
16617.0,257,1,151.85,2.0,Potential
16618.0,52,5,2647.59,0.0,Champions
16619.0,285,4,1938.33,2.0,Potential
16620.0,25,6,1758.93,2.0,Potential
16621.0,73,4,813.48,2.0,Potential
16622.0,565,1,225.4,1.0,Churned
16623.0,267,4,1015.24,2.0,Potential
16624.0,102,2,810.5699999999999,2.0,Potential
16625.0,296,5,1654.03,2.0,Potential
16626.0,22,17,4413.1,0.0,Champions
16627.0,100,1,322.8,2.0,Potential
16628.0,51,7,2318.1,0.0,Champions
16629.0,95,2,417.73,2.0,Potential
16630.0,428,1,106.80000000000001,1.0,Churned
16631.0,503,7,1892.52,1.0,Churned
16632.0,507,2,406.4,1.0,Churned
16633.0,38,6,2883.1,0.0,Champions
16634.0,244,6,1814.61,2.0,Potential
16635.0,428,1,473.0,1.0,Churned
16636.0,459,4,3802.04,0.0,Champions
16637.0,53,4,1154.47,2.0,Potential
16638.0,44,15,2430.53,0.0,Champions
16639.0,52,4,1747.98,2.0,Potential
16640.0,419,1,179.4,1.0,Churned
16641.0,127,2,554.5,2.0,Potential
16642.0,26,3,1077.45,2.0,Potential
16643.0,267,2,923.11,2.0,Potential
16644.0,199,2,833.78,2.0,Potential
16645.0,757,1,160.39,1.0,Churned
16646.0,470,1,678.8,1.0,Churned
16647.0,191,4,541.9,2.0,Potential
16648.0,64,3,672.8,2.0,Potential
16649.0,541,1,306.58000000000004,1.0,Churned
16650.0,93,7,1916.11,0.0,Champions
16651.0,608,1,136.2,1.0,Churned
16653.0,37,2,1212.66,2.0,Potential
16654.0,162,8,1711.47,0.0,Champions
16657.0,31,4,933.62,2.0,Potential
16658.0,389,6,814.07,1.0,Churned
16659.0,210,1,39.12,2.0,Potential
16660.0,37,7,1879.55,2.0,Potential
16661.0,561,4,986.63,1.0,Churned
16662.0,415,1,163.8,1.0,Churned
16663.0,750,1,165.0,1.0,Churned
16664.0,590,1,109.2,1.0,Churned
16665.0,383,1,135.39999999999998,1.0,Churned
16666.0,40,2,225.94,2.0,Potential
16667.0,89,2,570.13,2.0,Potential
16668.0,36,13,862.42,0.0,Champions
16669.0,45,3,1374.8700000000001,2.0,Potential
16671.0,49,3,1692.27,2.0,Potential
16673.0,700,1,188.83,1.0,Churned
16674.0,76,2,319.61,2.0,Potential
16675.0,463,2,608.86,1.0,Churned
16676.0,55,6,2361.9,0.0,Champions
16677.0,432,2,880.62,1.0,Churned
16678.0,24,12,3109.99,0.0,Champions
16679.0,387,3,793.06,1.0,Churned
16680.0,64,3,821.45,2.0,Potential
16681.0,94,7,1921.84,0.0,Champions
16682.0,26,5,1028.0,2.0,Potential
16683.0,555,1,320.25,1.0,Churned
16685.0,82,2,324.24,2.0,Potential
16686.0,68,16,5070.92,0.0,Champions
16687.0,412,1,157.63,1.0,Churned
16688.0,22,4,1260.86,2.0,Potential
16689.0,97,2,422.59999999999997,2.0,Potential
16690.0,93,4,353.03,2.0,Potential
16691.0,439,2,178.83,1.0,Churned
16692.0,277,4,1914.6999999999998,2.0,Potential
16693.0,90,5,1199.46,2.0,Potential
16694.0,744,1,98.30000000000001,1.0,Churned
16695.0,583,2,193.15,1.0,Churned
16696.0,156,4,657.9000000000001,2.0,Potential
16697.0,262,1,112.75,2.0,Potential
16698.0,248,2,1998.0,2.0,Potential
16699.0,401,7,994.6,1.0,Churned
16702.0,436,4,1110.83,1.0,Churned
16704.0,639,2,695.66,1.0,Churned
16706.0,58,3,531.35,2.0,Potential
16707.0,421,4,551.11,1.0,Churned
16708.0,67,1,656.63,2.0,Potential
16711.0,24,9,2868.48,0.0,Champions
16712.0,30,13,4266.99,0.0,Champions
16714.0,240,4,1529.8,2.0,Potential
16715.0,99,2,625.52,2.0,Potential
16716.0,288,3,2149.6800000000003,2.0,Potential
16718.0,390,5,3647.53,0.0,Champions
16719.0,36,14,3973.3,0.0,Champions
16720.0,47,3,795.48,2.0,Potential
16721.0,283,1,292.47,1.0,Churned
16723.0,112,4,1301.63,2.0,Potential
16724.0,426,1,147.35,1.0,Churned
16725.0,323,14,1882.11,0.0,Champions
16726.0,47,7,2088.41,0.0,Champions
16727.0,385,4,1437.42,1.0,Churned
16728.0,67,4,1054.67,2.0,Potential
16730.0,73,3,743.11,2.0,Potential
16731.0,669,1,174.05,1.0,Churned
16732.0,53,4,4387.64,0.0,Champions
16733.0,551,1,259.68,1.0,Churned
16734.0,73,3,650.51,2.0,Potential
16736.0,527,5,2956.56,1.0,Churned
16737.0,74,2,835.1999999999999,2.0,Potential
16738.0,319,1,3.75,1.0,Churned
16739.0,198,2,786.43,2.0,Potential
16740.0,416,1,236.81,1.0,Churned
16741.0,646,1,173.06,1.0,Churned
16742.0,68,14,2852.6099999999997,0.0,Champions
16743.0,50,14,4253.26,0.0,Champions
16744.0,32,7,1304.76,2.0,Potential
16747.0,59,2,836.06,2.0,Potential
16748.0,39,14,3637.33,0.0,Champions
16749.0,612,2,4387.08,1.0,Churned
16750.0,66,5,623.93,2.0,Potential
16751.0,52,1,1764.72,2.0,Potential
16752.0,394,1,415.0,1.0,Churned
16753.0,79,1,223.92000000000002,2.0,Potential
16755.0,135,7,2900.58,0.0,Champions
16756.0,236,7,1312.3700000000001,2.0,Potential
16757.0,340,2,270.48,1.0,Churned
16758.0,86,1,369.34000000000003,2.0,Potential
16759.0,29,3,789.79,2.0,Potential
16760.0,451,1,228.0,1.0,Churned
16761.0,118,1,316.62,2.0,Potential
16762.0,41,3,1501.38,2.0,Potential
16763.0,220,2,964.6999999999999,2.0,Potential
16764.0,25,13,2799.25,0.0,Champions
16765.0,315,2,454.75,1.0,Churned
16766.0,294,2,1145.6,2.0,Potential
16768.0,69,9,1708.12,0.0,Champions
16769.0,281,4,1141.75,2.0,Potential
16770.0,79,9,1932.13,0.0,Champions
16771.0,54,10,3967.6,0.0,Champions
16772.0,444,3,3723.5499999999997,0.0,Champions
16773.0,78,3,421.24,2.0,Potential
16774.0,89,8,1594.45,2.0,Potential
16775.0,31,16,3056.89,0.0,Champions
16776.0,81,2,619.85,2.0,Potential
16777.0,101,5,1307.76,2.0,Potential
16778.0,95,2,245.94,2.0,Potential
16780.0,121,3,605.55,2.0,Potential
16781.0,393,2,934.25,1.0,Churned
16783.0,458,1,391.95,1.0,Churned
16784.0,41,5,896.53,2.0,Potential
16785.0,431,1,533.78,1.0,Churned
16786.0,415,1,51.839999999999996,1.0,Churned
16787.0,419,4,1035.43,1.0,Churned
16788.0,144,5,1950.3,2.0,Potential
16789.0,29,1,80.8,2.0,Potential
16790.0,25,6,1545.6200000000001,2.0,Potential
16791.0,50,15,4038.69,0.0,Champions
16792.0,303,5,623.46,2.0,Potential
16793.0,78,1,243.84,2.0,Potential
16794.0,22,15,2090.91,0.0,Champions
16795.0,386,3,2492.39,1.0,Churned
16796.0,110,1,305.62,2.0,Potential
16797.0,414,5,1827.77,1.0,Churned
16798.0,575,3,848.71,1.0,Churned
16799.0,453,2,495.98,1.0,Churned
16800.0,32,1,1201.49,2.0,Potential
16801.0,184,4,1619.73,2.0,Potential
16802.0,700,2,582.61,1.0,Churned
16803.0,86,1,332.3,2.0,Potential
16804.0,44,3,536.99,2.0,Potential
16805.0,195,5,1097.24,2.0,Potential
16806.0,124,4,801.49,2.0,Potential
16807.0,164,6,2123.88,2.0,Potential
16808.0,120,2,288.42,2.0,Potential
16809.0,44,9,1727.43,0.0,Champions
16810.0,213,2,842.0400000000001,2.0,Potential
16811.0,26,2,547.07,2.0,Potential
16812.0,382,4,2392.0,1.0,Churned
16813.0,29,10,1692.98,0.0,Champions
16815.0,475,2,410.97,1.0,Churned
16816.0,124,4,417.06,2.0,Potential
16817.0,24,13,2804.9,0.0,Champions
16818.0,32,11,3349.57,0.0,Champions
16819.0,486,2,182.59,1.0,Churned
16820.0,117,1,497.61,2.0,Potential
16821.0,403,1,113.35,1.0,Churned
16822.0,707,1,181.39,1.0,Churned
16823.0,248,7,2260.09,0.0,Champions
16824.0,37,3,686.24,2.0,Potential
16825.0,60,5,1826.89,2.0,Potential
16826.0,72,1,341.7,2.0,Potential
16827.0,414,5,392.13,1.0,Churned
16828.0,114,2,128.5,2.0,Potential
16829.0,178,2,513.32,2.0,Potential
16830.0,60,4,1207.5,2.0,Potential
16831.0,586,1,91.8,1.0,Churned
16832.0,205,5,417.61,2.0,Potential
16833.0,22,6,2409.04,0.0,Champions
16834.0,249,2,898.96,2.0,Potential
16835.0,149,6,1538.41,2.0,Potential
16836.0,61,4,782.37,2.0,Potential
16837.0,52,11,3170.98,0.0,Champions
16838.0,218,4,1159.61,2.0,Potential
16840.0,624,2,139.85,1.0,Churned
16841.0,58,12,4006.06,0.0,Champions
16842.0,122,3,1264.19,2.0,Potential
16844.0,584,2,614.34,1.0,Churned
16845.0,639,1,253.88,1.0,Churned
16846.0,71,3,842.41,2.0,Potential
16847.0,64,2,614.89,2.0,Potential
16848.0,74,4,1411.62,2.0,Potential
16849.0,208,1,124.57,2.0,Potential
16850.0,355,1,332.41,1.0,Churned
16851.0,25,3,342.45,2.0,Potential
16852.0,31,2,144.91000000000003,2.0,Potential
16854.0,438,2,1408.96,1.0,Churned
16855.0,45,2,328.4,2.0,Potential
16856.0,36,3,358.49,2.0,Potential
16857.0,464,1,352.8,1.0,Churned
16858.0,390,10,4668.28,0.0,Champions
16859.0,166,7,1932.41,0.0,Champions
16860.0,474,3,1610.62,1.0,Churned
16861.0,81,5,946.59,2.0,Potential
16862.0,568,4,662.33,1.0,Churned
16863.0,52,3,998.52,2.0,Potential
16864.0,455,2,409.25,1.0,Churned
16865.0,423,1,130.95,1.0,Churned
16866.0,162,3,207.73999999999998,2.0,Potential
16867.0,711,1,76.74000000000001,1.0,Churned
16868.0,415,3,393.39,1.0,Churned
16869.0,44,4,825.42,2.0,Potential
16870.0,490,1,450.15999999999997,1.0,Churned
16871.0,43,6,2812.34,0.0,Champions
16872.0,98,6,1213.13,2.0,Potential
16874.0,400,1,217.74,1.0,Churned
16875.0,88,11,4234.53,0.0,Champions
16876.0,425,1,136.01,1.0,Churned
16877.0,33,6,853.72,2.0,Potential
16878.0,105,1,13.3,2.0,Potential
16880.0,52,8,1840.86,0.0,Champions
16881.0,88,1,432.0,2.0,Potential
16882.0,88,3,705.12,2.0,Potential
16883.0,208,19,2396.59,0.0,Champions
16884.0,59,4,1073.92,2.0,Potential
16885.0,36,4,710.74,2.0,Potential
16886.0,477,1,134.0,1.0,Churned
16887.0,56,3,660.72,2.0,Potential
16888.0,422,3,437.15,1.0,Churned
16889.0,216,6,2530.9,0.0,Champions
16890.0,498,3,285.41,1.0,Churned
16891.0,23,11,2056.82,0.0,Champions
16892.0,22,7,762.1,2.0,Potential
16893.0,388,2,401.77,1.0,Churned
16894.0,523,3,1324.06,1.0,Churned
16895.0,86,5,1121.42,2.0,Potential
16896.0,576,1,103.95,1.0,Churned
16897.0,320,2,289.78,1.0,Churned
16898.0,47,5,1016.37,2.0,Potential
16899.0,29,8,1721.02,0.0,Champions
16900.0,38,3,887.11,2.0,Potential
16901.0,750,1,204.26,1.0,Churned
16902.0,137,1,1706.88,2.0,Potential
16903.0,50,3,1062.28,2.0,Potential
16904.0,25,21,5132.37,0.0,Champions
16905.0,26,17,5034.15,0.0,Champions
16906.0,103,7,1448.8,2.0,Potential
16907.0,50,9,1707.9,0.0,Champions
16908.0,743,1,252.59,1.0,Churned
16909.0,93,1,379.14,2.0,Potential
16910.0,25,8,1510.06,2.0,Potential
16911.0,657,2,255.25,1.0,Churned
16912.0,50,15,4480.31,0.0,Champions
16913.0,311,3,423.90999999999997,1.0,Churned
16914.0,57,1,208.46,2.0,Potential
16915.0,30,11,1543.18,0.0,Champions
16916.0,45,4,1123.4,2.0,Potential
16917.0,298,2,1857.83,2.0,Potential
16918.0,71,16,3213.29,0.0,Champions
16919.0,177,24,5125.91,0.0,Champions
16920.0,432,1,355.45,1.0,Churned
16921.0,82,3,446.67,2.0,Potential
16922.0,594,1,611.08,1.0,Churned
16924.0,42,3,846.75,2.0,Potential
16925.0,561,1,125.65,1.0,Churned
16926.0,392,5,1421.35,1.0,Churned
16927.0,137,3,543.05,2.0,Potential
16928.0,101,29,4113.23,0.0,Champions
16929.0,25,7,1295.39,2.0,Potential
16930.0,47,3,380.55,2.0,Potential
16931.0,26,23,5233.62,0.0,Champions
16932.0,74,3,440.71,2.0,Potential
16933.0,22,9,3181.25,0.0,Champions
16934.0,76,6,2110.9900000000002,2.0,Potential
16935.0,403,3,535.1,1.0,Churned
16936.0,47,2,551.17,2.0,Potential
16937.0,520,1,202.1,1.0,Churned
16939.0,510,3,449.0,1.0,Churned
16941.0,633,1,33.0,1.0,Churned
16942.0,34,9,1920.59,0.0,Champions
16943.0,233,5,1299.49,2.0,Potential
16944.0,631,1,101.36,1.0,Churned
16946.0,404,5,1222.04,1.0,Churned
16947.0,257,5,955.21,2.0,Potential
16948.0,160,7,868.77,2.0,Potential
16949.0,25,6,1286.27,2.0,Potential
16950.0,78,10,3784.37,0.0,Champions
16951.0,156,3,1277.75,2.0,Potential
16952.0,130,5,798.78,2.0,Potential
16953.0,51,1,20.8,2.0,Potential
16955.0,206,6,1309.41,2.0,Potential
16956.0,39,1,308.74,2.0,Potential
16957.0,260,2,416.64,2.0,Potential
16958.0,456,1,809.44,1.0,Churned
16959.0,108,1,117.35000000000001,2.0,Potential
16960.0,60,8,2043.43,0.0,Champions
16961.0,137,3,794.56,2.0,Potential
16962.0,431,1,251.04,1.0,Churned
16963.0,208,1,110.55000000000001,2.0,Potential
16964.0,754,2,207.85,1.0,Churned
16965.0,248,1,201.19,2.0,Potential
16966.0,29,7,2154.97,0.0,Champions
16967.0,210,1,319.02,2.0,Potential
16968.0,25,2,439.43,2.0,Potential
16969.0,60,3,650.41,2.0,Potential
16970.0,647,1,71.4,1.0,Churned
16971.0,59,1,357.21,2.0,Potential
16972.0,404,2,786.25,1.0,Churned
16973.0,407,1,127.0,1.0,Churned
16974.0,544,2,365.5,1.0,Churned
16975.0,444,3,926.12,1.0,Churned
16976.0,288,1,251.51999999999998,1.0,Churned
16977.0,416,4,496.0,1.0,Churned
16978.0,99,3,768.88,2.0,Potential
16979.0,25,9,2859.74,0.0,Champions
16980.0,276,3,1473.3300000000002,2.0,Potential
16982.0,82,1,384.06,2.0,Potential
16983.0,34,11,3710.22,0.0,Champions
16986.0,51,11,4888.75,0.0,Champions
16987.0,24,11,2535.9,0.0,Champions
16988.0,26,2,382.67,2.0,Potential
16989.0,28,6,1133.25,2.0,Potential
16990.0,240,2,344.0,2.0,Potential
16991.0,442,1,1041.21,1.0,Churned
16993.0,485,2,1950.9499999999998,1.0,Churned
16996.0,51,9,2123.61,0.0,Champions
16997.0,309,3,702.0,1.0,Churned
16998.0,171,5,402.0,2.0,Potential
16999.0,44,2,484.82,2.0,Potential
17000.0,417,2,406.3,1.0,Churned
17002.0,107,7,2571.55,0.0,Champions
17003.0,423,4,830.16,1.0,Churned
17004.0,67,4,2425.16,2.0,Potential
17005.0,492,2,742.36,1.0,Churned
17006.0,26,8,1636.32,0.0,Champions
17007.0,72,7,1120.1,2.0,Potential
17008.0,450,1,81.36,1.0,Churned
17009.0,572,1,242.06,1.0,Churned
17010.0,39,1,195.36,2.0,Potential
17011.0,51,3,671.7,2.0,Potential
17012.0,746,1,384.16,1.0,Churned
17014.0,29,3,586.33,2.0,Potential
17015.0,50,3,1842.56,2.0,Potential
17016.0,598,1,552.4,1.0,Churned
17018.0,62,6,2287.7,0.0,Champions
17019.0,32,11,4012.2,0.0,Champions
17020.0,563,2,935.62,1.0,Churned
17021.0,463,6,1182.22,1.0,Churned
17022.0,52,2,260.0,2.0,Potential
17023.0,438,3,800.18,1.0,Churned
17024.0,66,3,95.85,2.0,Potential
17025.0,82,5,1510.6399999999999,2.0,Potential
17026.0,206,3,208.98,2.0,Potential
17027.0,100,9,1327.1100000000001,2.0,Potential
17028.0,602,3,1593.83,1.0,Churned
17029.0,132,7,2137.3,0.0,Champions
17030.0,85,1,146.87,2.0,Potential
17031.0,33,6,2773.85,0.0,Champions
17032.0,569,8,3004.6,0.0,Champions
17033.0,107,4,1332.79,2.0,Potential
17034.0,37,5,1283.92,2.0,Potential
17035.0,267,4,613.59,2.0,Potential
17036.0,404,1,176.9,1.0,Churned
17037.0,109,1,1267.32,2.0,Potential
17038.0,51,2,743.17,2.0,Potential
17039.0,625,1,1954.99,1.0,Churned
17040.0,159,2,463.25,2.0,Potential
17041.0,48,6,1686.28,2.0,Potential
17042.0,24,5,1044.3799999999999,2.0,Potential
17043.0,53,8,2616.55,0.0,Champions
17045.0,134,5,827.6800000000001,2.0,Potential
17046.0,178,5,1906.07,2.0,Potential
17047.0,106,6,2289.23,0.0,Champions
17048.0,139,7,2071.68,0.0,Champions
17050.0,117,11,4691.79,0.0,Champions
17051.0,215,4,714.39,2.0,Potential
17052.0,49,1,413.75,2.0,Potential
17053.0,152,1,498.48,2.0,Potential
17054.0,49,5,1356.33,2.0,Potential
17055.0,467,1,239.55,1.0,Churned
17056.0,759,1,128.60000000000002,1.0,Churned
17057.0,617,1,294.74,1.0,Churned
17058.0,103,3,1179.89,2.0,Potential
17060.0,287,1,234.24,1.0,Churned
17061.0,95,11,5232.2300000000005,0.0,Champions
17062.0,335,6,1208.22,2.0,Potential
17063.0,42,13,3638.53,0.0,Champions
17064.0,80,3,859.35,2.0,Potential
17065.0,659,2,194.7,1.0,Churned
17066.0,747,1,228.34,1.0,Churned
17067.0,746,3,454.54,1.0,Churned
17070.0,135,2,445.32,2.0,Potential
17071.0,49,13,3801.2000000000003,0.0,Champions
17072.0,646,1,282.05,1.0,Churned
17073.0,39,4,1446.09,2.0,Potential
17074.0,584,1,203.05,1.0,Churned
17075.0,39,10,2241.73,0.0,Champions
17076.0,57,6,1242.75,2.0,Potential
17077.0,599,1,306.0,1.0,Churned
17078.0,57,2,378.2,2.0,Potential
17079.0,99,1,118.80000000000001,2.0,Potential
17080.0,43,7,957.53,2.0,Potential
17081.0,46,6,964.39,2.0,Potential
17082.0,54,6,4732.03,0.0,Champions
17083.0,130,9,4049.79,0.0,Champions
17084.0,56,3,5202.97,0.0,Champions
17086.0,28,6,2050.08,2.0,Potential
17087.0,759,1,221.53,1.0,Churned
17088.0,49,4,1991.01,2.0,Potential
17089.0,407,1,128.45,1.0,Churned
17090.0,25,13,3149.48,0.0,Champions
17093.0,614,1,235.88,1.0,Churned
17094.0,343,2,402.20000000000005,1.0,Churned
17095.0,44,7,2572.25,0.0,Champions
17096.0,36,11,3759.18,0.0,Champions
17097.0,23,9,1340.45,2.0,Potential
17098.0,403,3,591.0699999999999,1.0,Churned
17099.0,554,1,582.17,1.0,Churned
17100.0,39,2,971.74,2.0,Potential
17101.0,31,7,2507.05,0.0,Champions
17102.0,283,1,25.5,1.0,Churned
17103.0,743,1,424.3,1.0,Churned
17104.0,445,1,474.03,1.0,Churned
17105.0,180,2,665.78,2.0,Potential
17106.0,410,1,491.23,1.0,Churned
17108.0,685,1,174.95,1.0,Churned
17109.0,50,8,1295.46,2.0,Potential
17110.0,186,3,510.7,2.0,Potential
17111.0,68,2,476.58,2.0,Potential
17112.0,524,1,205.17,1.0,Churned
17113.0,595,6,2322.59,1.0,Churned
17114.0,27,8,808.62,2.0,Potential
17115.0,29,7,2761.4900000000002,0.0,Champions
17116.0,669,1,389.78,1.0,Churned
17117.0,309,1,116.19999999999999,1.0,Churned
17118.0,339,1,157.02,1.0,Churned
17119.0,24,2,606.91,2.0,Potential
17120.0,254,1,307.46,2.0,Potential
17121.0,424,1,314.74,1.0,Churned
17122.0,140,4,570.5,2.0,Potential
17123.0,183,3,977.17,2.0,Potential
17124.0,206,1,298.89,2.0,Potential
17125.0,71,1,259.35,2.0,Potential
17126.0,173,9,2070.44,0.0,Champions
17127.0,450,5,1155.0300000000002,1.0,Churned
17128.0,356,1,157.09,1.0,Churned
17129.0,541,1,31.85,1.0,Churned
17131.0,26,5,2463.17,0.0,Champions
17132.0,473,2,1272.8,1.0,Churned
17134.0,128,3,637.1,2.0,Potential
17135.0,37,10,1954.16,0.0,Champions
17136.0,683,1,231.68,1.0,Churned
17137.0,437,6,1133.63,1.0,Churned
17138.0,297,7,4417.27,0.0,Champions
17140.0,268,1,465.32,2.0,Potential
17141.0,439,4,754.33,1.0,Churned
17142.0,260,4,1283.75,2.0,Potential
17143.0,438,2,924.11,1.0,Churned
17144.0,22,2,984.57,2.0,Potential
17145.0,534,4,3120.91,1.0,Churned
17147.0,44,9,3199.95,0.0,Champions
17148.0,73,1,124.88,2.0,Potential
17149.0,472,1,143.10000000000002,1.0,Churned
17150.0,398,6,1375.65,1.0,Churned
17151.0,756,1,231.90000000000003,1.0,Churned
17152.0,216,4,2016.5,2.0,Potential
17153.0,45,1,213.78,2.0,Potential
17154.0,96,1,329.34,2.0,Potential
17155.0,39,7,892.46,2.0,Potential
17156.0,513,1,591.87,1.0,Churned
17157.0,29,19,5151.9,0.0,Champions
17158.0,53,5,1980.0,2.0,Potential
17159.0,43,5,2099.59,2.0,Potential
17161.0,465,1,856.01,1.0,Churned
17162.0,50,10,1715.46,0.0,Champions
17163.0,43,4,699.78,2.0,Potential
17164.0,54,7,2467.35,0.0,Champions
17165.0,305,6,1794.32,2.0,Potential
17166.0,60,2,206.34,2.0,Potential
17167.0,401,3,867.11,1.0,Churned
17168.0,520,1,400.2,1.0,Churned
17169.0,79,3,1156.73,2.0,Potential
17170.0,395,2,178.68,1.0,Churned
17171.0,310,2,384.59,1.0,Churned
17172.0,100,3,956.5699999999999,2.0,Potential
17173.0,26,8,3766.6,0.0,Champions
17174.0,239,1,59.9,2.0,Potential
17175.0,65,4,1443.69,2.0,Potential
17176.0,223,3,902.3199999999999,2.0,Potential
17177.0,526,1,119.5,1.0,Churned
17178.0,752,1,436.71,1.0,Churned
17179.0,199,6,1507.26,2.0,Potential
17180.0,77,11,2256.98,0.0,Champions
17181.0,78,3,465.37,2.0,Potential
17182.0,444,2,321.3,1.0,Churned
17183.0,29,6,3347.31,0.0,Champions
17184.0,590,2,198.41000000000003,1.0,Churned
17185.0,613,3,229.46,1.0,Churned
17186.0,68,2,144.0,2.0,Potential
17187.0,248,2,467.71,2.0,Potential
17188.0,32,13,4592.93,0.0,Champions
17189.0,127,5,957.63,2.0,Potential
17190.0,80,7,1743.04,2.0,Potential
17191.0,49,15,4836.05,0.0,Champions
17192.0,557,1,77.83,1.0,Churned
17193.0,57,9,2310.04,0.0,Champions
17194.0,295,3,812.5,2.0,Potential
17195.0,676,1,562.98,1.0,Churned
17196.0,449,1,352.9,1.0,Churned
17197.0,51,1,1013.01,2.0,Potential
17198.0,45,3,1213.88,2.0,Potential
17199.0,603,1,145.12,1.0,Churned
17200.0,408,4,356.71,1.0,Churned
17201.0,75,4,1242.04,2.0,Potential
17202.0,442,1,160.65,1.0,Churned
17205.0,75,3,999.35,2.0,Potential
17206.0,74,1,204.24,2.0,Potential
17207.0,673,1,303.21999999999997,1.0,Churned
17208.0,417,1,115.35,1.0,Churned
17209.0,670,3,611.6,1.0,Churned
17210.0,414,1,253.37,1.0,Churned
17211.0,48,13,4046.65,0.0,Champions
17212.0,274,3,794.41,2.0,Potential
17213.0,61,13,5182.3,0.0,Champions
17214.0,81,6,1069.1200000000001,2.0,Potential
17215.0,485,1,186.15,1.0,Churned
17216.0,575,1,65.05,1.0,Churned
17217.0,255,2,218.0,2.0,Potential
17218.0,25,18,4192.68,0.0,Champions
17219.0,53,2,259.13,2.0,Potential
17220.0,45,21,4481.75,0.0,Champions
17221.0,28,5,978.52,2.0,Potential
17222.0,86,6,1605.01,2.0,Potential
17223.0,331,3,873.53,1.0,Churned
17224.0,522,1,100.86,1.0,Churned
17225.0,603,1,131.15,1.0,Churned
17226.0,330,3,900.12,1.0,Churned
17227.0,40,12,2022.03,0.0,Champions
17228.0,37,13,3177.24,0.0,Champions
17229.0,117,2,318.76,2.0,Potential
17232.0,24,2,421.52,2.0,Potential
17233.0,56,3,560.86,2.0,Potential
17234.0,204,1,149.89000000000001,2.0,Potential
17235.0,46,8,1904.8799999999999,0.0,Champions
17236.0,34,12,1929.26,0.0,Champions
17237.0,32,4,1002.08,2.0,Potential
17239.0,334,4,1189.45,1.0,Churned
17240.0,617,1,130.6,1.0,Churned
17241.0,406,12,2744.14,0.0,Champions
17242.0,129,5,2889.28,0.0,Champions
17244.0,74,5,1826.04,2.0,Potential
17245.0,226,2,371.63,2.0,Potential
17246.0,568,2,38.92,1.0,Churned
17247.0,36,1,282.19,2.0,Potential
17248.0,141,2,546.16,2.0,Potential
17249.0,450,1,68.03,1.0,Churned
17250.0,25,2,384.52,2.0,Potential
17251.0,384,3,812.4300000000001,1.0,Churned
17252.0,138,2,353.86,2.0,Potential
17253.0,39,1,178.26,2.0,Potential
17254.0,26,3,470.73,2.0,Potential
17255.0,62,4,799.13,2.0,Potential
17256.0,128,5,498.93,2.0,Potential
17257.0,457,2,192.73,1.0,Churned
17258.0,418,2,417.3,1.0,Churned
17259.0,169,6,1889.34,2.0,Potential
17260.0,432,1,120.95,1.0,Churned
17261.0,531,1,230.44,1.0,Churned
17262.0,73,11,2757.62,0.0,Champions
17263.0,229,1,63.440000000000005,2.0,Potential
17264.0,445,1,279.59,1.0,Churned
17265.0,160,2,562.9,2.0,Potential
17266.0,23,5,517.73,2.0,Potential
17267.0,148,2,317.62,2.0,Potential
17268.0,129,11,1733.8899999999999,0.0,Champions
17269.0,407,1,537.46,1.0,Churned
17270.0,490,2,604.4,1.0,Churned
17271.0,757,1,210.39,1.0,Churned
17272.0,63,4,2148.63,2.0,Potential
17273.0,445,1,141.12,1.0,Churned
17274.0,56,2,577.38,2.0,Potential
17275.0,404,1,114.52,1.0,Churned
17276.0,423,1,508.39,1.0,Churned
17277.0,249,2,1065.3500000000001,2.0,Potential
17278.0,262,2,271.24,2.0,Potential
17279.0,79,1,187.82999999999998,2.0,Potential
17280.0,459,1,118.85999999999999,1.0,Churned
17281.0,395,6,797.8499999999999,1.0,Churned
17282.0,151,5,2339.66,2.0,Potential
17283.0,400,1,188.46,1.0,Churned
17284.0,81,8,2793.16,0.0,Champions
17285.0,649,2,428.34,1.0,Churned
17286.0,43,3,395.48,2.0,Potential
17287.0,47,21,4111.96,0.0,Champions
17288.0,30,11,2499.98,0.0,Champions
17289.0,53,9,2079.39,0.0,Champions
17290.0,25,8,1501.44,2.0,Potential
17291.0,329,1,550.8000000000001,1.0,Churned
17292.0,493,2,271.75,1.0,Churned
17293.0,29,17,3774.23,0.0,Champions
17294.0,690,2,467.78999999999996,1.0,Churned
17295.0,50,3,556.95,2.0,Potential
17296.0,751,1,338.13,1.0,Churned
17297.0,38,1,131.78,2.0,Potential
17298.0,122,5,957.5600000000001,2.0,Potential
17299.0,33,6,1016.08,2.0,Potential
17300.0,412,2,393.64,1.0,Churned
17301.0,42,2,330.43,2.0,Potential
17302.0,36,5,1135.63,2.0,Potential
17303.0,382,1,250.04,1.0,Churned
17304.0,555,1,111.5,1.0,Churned
17305.0,670,1,2135.46,1.0,Churned
17307.0,416,11,3999.8900000000003,0.0,Champions
17308.0,414,2,4511.76,0.0,Champions
17309.0,116,3,330.59000000000003,2.0,Potential
17310.0,408,2,1025.1,1.0,Churned
17311.0,99,6,3566.56,0.0,Champions
17312.0,160,3,644.3,2.0,Potential
17313.0,52,1,2328.84,2.0,Potential
17314.0,46,17,4904.43,0.0,Champions
17316.0,441,1,124.45,1.0,Churned
17317.0,67,3,2600.34,2.0,Potential
17318.0,746,1,164.28,1.0,Churned
17319.0,690,1,29.1,1.0,Churned
17320.0,121,6,2895.77,0.0,Champions
17321.0,29,6,1741.18,2.0,Potential
17322.0,397,5,922.59,1.0,Churned
17323.0,36,12,1565.59,0.0,Champions
17324.0,39,12,2301.87,0.0,Champions
17325.0,301,3,609.5699999999999,2.0,Potential
17326.0,429,2,321.95,1.0,Churned
17327.0,431,2,152.35,1.0,Churned
17328.0,694,1,104.7,1.0,Churned
17329.0,35,5,1004.4300000000001,2.0,Potential
17330.0,44,4,423.8,2.0,Potential
17331.0,145,1,175.2,2.0,Potential
17332.0,549,5,838.27,1.0,Churned
17333.0,107,1,494.25,2.0,Potential
17334.0,323,3,635.15,1.0,Churned
17335.0,405,2,508.0,1.0,Churned
17336.0,493,1,81.12,1.0,Churned
17337.0,172,4,2027.8700000000001,2.0,Potential
17339.0,115,3,362.36,2.0,Potential
17341.0,178,5,1889.83,2.0,Potential
17342.0,401,4,1227.54,1.0,Churned
17343.0,376,6,1259.94,1.0,Churned
17344.0,67,2,468.11,2.0,Potential
17345.0,36,10,1604.68,0.0,Champions
17347.0,107,1,228.96,2.0,Potential
17348.0,36,9,2476.41,0.0,Champions
17349.0,200,5,852.25,2.0,Potential
17350.0,29,7,1906.041,0.0,Champions
17351.0,57,12,1988.23,0.0,Champions
17352.0,717,1,36.25,1.0,Churned
17353.0,150,4,3242.0,0.0,Champions
17354.0,72,4,3143.46,0.0,Champions
17355.0,407,1,285.11,1.0,Churned
17356.0,333,5,946.47,1.0,Churned
17357.0,45,2,388.14,2.0,Potential
17358.0,324,5,866.05,2.0,Potential
17359.0,32,2,284.46,2.0,Potential
17360.0,38,6,1231.3799999999999,2.0,Potential
17361.0,70,5,880.64,2.0,Potential
17362.0,260,7,1024.04,2.0,Potential
17363.0,416,3,940.86,1.0,Churned
17366.0,453,2,1096.24,1.0,Churned
17367.0,259,1,168.4,2.0,Potential
17368.0,44,14,2826.14,0.0,Champions
17369.0,477,1,979.1999999999999,1.0,Churned
17370.0,94,4,446.18,2.0,Potential
17371.0,38,6,662.55,2.0,Potential
17372.0,62,28,4377.56,0.0,Champions
17373.0,61,7,1167.5,2.0,Potential
17374.0,240,3,727.11,2.0,Potential
17375.0,220,4,660.55,2.0,Potential
17376.0,92,4,453.64,2.0,Potential
17378.0,395,1,10.95,1.0,Churned
17379.0,32,1,404.66,2.0,Potential
17380.0,455,3,645.0,1.0,Churned
17382.0,86,8,902.28,2.0,Potential
17383.0,25,2,309.99,2.0,Potential
17384.0,40,3,507.55,2.0,Potential
17385.0,36,1,261.11,2.0,Potential
17386.0,29,7,2812.77,0.0,Champions
17387.0,41,2,784.11,2.0,Potential
17388.0,99,11,2691.57,0.0,Champions
17390.0,442,1,149.3,1.0,Churned
17391.0,185,2,508.8,2.0,Potential
17392.0,328,3,626.56,1.0,Churned
17393.0,432,2,381.15,1.0,Churned
17394.0,240,1,203.86999999999998,2.0,Potential
17395.0,529,1,97.5,1.0,Churned
17397.0,43,3,1233.18,2.0,Potential
17398.0,136,3,653.38,2.0,Potential
17400.0,147,8,4677.05,0.0,Champions
17401.0,562,1,114.85,1.0,Churned
17402.0,26,23,5096.18,0.0,Champions
17403.0,57,2,400.57,2.0,Potential
17405.0,22,3,1031.41,2.0,Potential
17406.0,354,13,4905.05,0.0,Champions
17407.0,433,1,552.9,1.0,Churned
17408.0,184,3,316.09000000000003,2.0,Potential
17410.0,37,5,1214.72,2.0,Potential
17411.0,33,5,1425.38,2.0,Potential
17412.0,24,16,4417.52,0.0,Champions
17413.0,426,2,560.14,1.0,Churned
17414.0,65,6,2249.52,0.0,Champions
17415.0,101,1,507.84,2.0,Potential
17417.0,570,1,164.18,1.0,Churned
17418.0,63,3,670.0600000000001,2.0,Potential
17420.0,71,6,1084.43,2.0,Potential
17421.0,407,3,1059.41,1.0,Churned
17422.0,37,11,3594.76,0.0,Champions
17423.0,67,3,1118.95,2.0,Potential
17425.0,40,2,759.17,2.0,Potential
17427.0,93,1,100.8,2.0,Potential
17429.0,149,5,1357.46,2.0,Potential
17430.0,54,4,735.17,2.0,Potential
17431.0,334,1,403.3,1.0,Churned
17432.0,39,9,1751.39,0.0,Champions
17433.0,109,2,569.96,2.0,Potential
17434.0,23,7,2373.82,0.0,Champions
17435.0,432,1,331.35,1.0,Churned
17436.0,23,5,534.06,2.0,Potential
17437.0,551,1,373.17,1.0,Churned
17438.0,275,5,1422.77,2.0,Potential
17439.0,677,1,325.74,1.0,Churned
17440.0,178,4,323.58,2.0,Potential
17441.0,753,1,293.35,1.0,Churned
17442.0,58,15,4620.3,0.0,Champions
17443.0,241,1,534.24,2.0,Potential
17444.0,169,3,2940.04,2.0,Potential
17446.0,198,2,120.9,2.0,Potential
17447.0,61,2,541.53,2.0,Potential
17449.0,23,13,4951.15,0.0,Champions
17451.0,22,7,1721.4,2.0,Potential
17453.0,39,2,486.71999999999997,2.0,Potential
17454.0,213,10,1547.94,0.0,Champions
17455.0,225,1,131.7,2.0,Potential
17456.0,386,2,1225.42,1.0,Churned
17458.0,36,2,529.58,2.0,Potential
17459.0,64,2,657.3,2.0,Potential
17460.0,115,16,2228.27,0.0,Champions
17461.0,44,3,757.46,2.0,Potential
17462.0,81,2,675.69,2.0,Potential
17463.0,37,7,2557.91,0.0,Champions
17464.0,179,3,1000.94,2.0,Potential
17465.0,447,7,2542.79,0.0,Champions
17466.0,31,2,763.28,2.0,Potential
17467.0,416,1,102.6,1.0,Churned
17468.0,31,3,194.8,2.0,Potential
17469.0,37,17,5051.25,0.0,Champions
17470.0,66,11,2804.87,0.0,Champions
17471.0,496,1,321.65000000000003,1.0,Churned
17472.0,212,4,935.1,2.0,Potential
17473.0,430,2,607.0,1.0,Churned
17474.0,621,1,1047.0,1.0,Churned
17475.0,100,1,194.37,2.0,Potential
17476.0,417,2,489.86,1.0,Churned
17477.0,634,2,1144.3,1.0,Churned
17478.0,429,2,1272.8,1.0,Churned
17479.0,654,1,389.26000000000005,1.0,Churned
17480.0,99,2,902.03,2.0,Potential
17481.0,25,4,1255.59,2.0,Potential
17482.0,508,2,778.19,1.0,Churned
17483.0,86,4,591.73,2.0,Potential
17484.0,597,2,209.57,1.0,Churned
17486.0,282,1,396.87,1.0,Churned
17487.0,749,1,160.55,1.0,Churned
17488.0,662,1,336.5,1.0,Churned
17489.0,80,2,376.64,2.0,Potential
17490.0,22,9,2750.5,0.0,Champions
17492.0,269,3,1122.42,2.0,Potential
17493.0,406,1,100.91000000000001,1.0,Churned
17494.0,523,1,54.699999999999996,1.0,Churned
17495.0,29,3,806.72,2.0,Potential
17496.0,380,4,1412.89,1.0,Churned
17497.0,411,2,287.25,1.0,Churned
17498.0,97,1,272.22,2.0,Potential
17499.0,311,2,1341.39,2.0,Potential
17500.0,38,3,1138.0,2.0,Potential
17501.0,242,2,288.6,2.0,Potential
17502.0,30,4,689.1,2.0,Potential
17503.0,24,2,558.96,2.0,Potential
17505.0,183,5,2435.48,2.0,Potential
17506.0,97,1,302.2,2.0,Potential
17507.0,283,2,605.58,2.0,Potential
17508.0,302,8,4579.23,0.0,Champions
17510.0,46,2,514.56,2.0,Potential
17513.0,93,3,1158.8,2.0,Potential
17514.0,149,2,542.83,2.0,Potential
17515.0,52,9,1617.46,0.0,Champions
17516.0,36,6,957.55,2.0,Potential
17517.0,330,1,153.94,1.0,Churned
17518.0,447,2,329.42,1.0,Churned
17519.0,38,15,5109.47,0.0,Champions
17520.0,75,1,546.81,2.0,Potential
17521.0,51,5,1278.06,2.0,Potential
17522.0,23,5,1070.71,2.0,Potential
17523.0,32,4,652.74,2.0,Potential
17524.0,382,3,539.14,1.0,Churned
17525.0,381,3,1161.9,1.0,Churned
17526.0,26,12,4166.04,0.0,Champions
17527.0,75,4,939.37,2.0,Potential
17528.0,22,8,3628.5,0.0,Champions
17529.0,631,2,1240.25,1.0,Churned
17530.0,22,12,3141.51,0.0,Champions
17531.0,211,3,1266.82,2.0,Potential
17532.0,407,1,65.34,1.0,Churned
17533.0,456,1,34.8,1.0,Churned
17534.0,75,5,1668.83,2.0,Potential
17535.0,301,1,164.4,1.0,Churned
17536.0,198,3,364.83,2.0,Potential
17537.0,51,2,897.62,2.0,Potential
17538.0,47,1,98.42,2.0,Potential
17539.0,639,4,1226.57,1.0,Churned
17540.0,46,6,1590.6000000000001,2.0,Potential
17541.0,531,1,124.46,1.0,Churned
17542.0,291,3,341.7,2.0,Potential
17543.0,571,1,120.05,1.0,Churned
17544.0,411,3,960.69,1.0,Churned
17545.0,64,6,1448.54,2.0,Potential
17547.0,397,2,727.85,1.0,Churned
17548.0,255,4,731.26,2.0,Potential
17549.0,45,2,148.86,2.0,Potential
17550.0,218,9,2547.64,0.0,Champions
17551.0,380,1,306.84,1.0,Churned
17552.0,81,12,3085.29,0.0,Champions
17553.0,151,4,3757.6,0.0,Champions
17554.0,22,5,1952.45,2.0,Potential
17555.0,41,5,1057.74,2.0,Potential
17556.0,227,2,300.67,2.0,Potential
17557.0,35,4,575.46,2.0,Potential
17558.0,414,1,259.17,1.0,Churned
17559.0,534,1,167.62,1.0,Churned
17560.0,116,8,1895.8,0.0,Champions
17561.0,40,4,722.34,2.0,Potential
17562.0,35,7,1122.38,2.0,Potential
17563.0,599,2,392.38,1.0,Churned
17564.0,45,3,454.01,2.0,Potential
17565.0,608,1,131.83,1.0,Churned
17566.0,29,2,901.21,2.0,Potential
17568.0,654,1,382.79,1.0,Churned
17569.0,353,1,344.14,1.0,Churned
17570.0,403,1,100.0,1.0,Churned
17571.0,71,5,1703.75,2.0,Potential
17572.0,92,10,723.01,2.0,Potential
17573.0,50,3,380.6,2.0,Potential
17574.0,264,1,185.65,2.0,Potential
17575.0,688,1,171.7,1.0,Churned
17577.0,666,2,348.75,1.0,Churned
17578.0,239,7,1047.33,2.0,Potential
17579.0,26,4,753.28,2.0,Potential
17580.0,274,5,545.27,2.0,Potential
17582.0,257,5,1450.7,2.0,Potential
17583.0,581,1,135.95,1.0,Churned
17585.0,130,7,2093.3,0.0,Champions
17586.0,640,1,167.4,1.0,Churned
17587.0,649,1,181.66,1.0,Churned
17588.0,121,7,2939.55,0.0,Champions
17590.0,23,3,1479.22,2.0,Potential
17591.0,94,8,2776.67,0.0,Champions
17592.0,760,1,148.3,1.0,Churned
17594.0,106,4,2497.88,2.0,Potential
17595.0,33,2,388.79,2.0,Potential
17596.0,44,13,4920.67,0.0,Champions
17597.0,235,5,3484.09,0.0,Champions
17598.0,402,1,409.98,1.0,Churned
17599.0,499,1,52.05,1.0,Churned
17600.0,39,1,161.67000000000002,2.0,Potential
17601.0,260,2,421.48,2.0,Potential
17603.0,99,4,1793.48,2.0,Potential
17604.0,238,6,945.9300000000001,2.0,Potential
17605.0,611,1,160.75,1.0,Churned
17606.0,758,1,87.30000000000001,1.0,Churned
17607.0,397,1,333.81,1.0,Churned
17608.0,54,4,498.53,2.0,Potential
17609.0,62,11,1894.34,0.0,Champions
17610.0,561,5,1529.49,1.0,Churned
17613.0,44,14,4559.150000000001,0.0,Champions
17614.0,78,1,390.07,2.0,Potential
17615.0,151,6,733.2,2.0,Potential
17616.0,195,4,1060.8,2.0,Potential
17617.0,580,1,395.33,1.0,Churned
17618.0,27,11,4073.2400000000002,0.0,Champions
17619.0,333,1,218.52,1.0,Churned
17620.0,81,1,81.44,2.0,Potential
17621.0,42,6,3175.12,0.0,Champions
17622.0,619,2,1130.21,1.0,Churned
17623.0,54,7,2383.67,0.0,Champions
17624.0,36,4,1568.63,2.0,Potential
17626.0,624,1,254.0,1.0,Churned
17627.0,500,1,296.36,1.0,Churned
17628.0,102,1,75.75,2.0,Potential
17629.0,27,10,2455.52,0.0,Champions
17630.0,191,2,503.59999999999997,2.0,Potential
17631.0,23,7,998.49,2.0,Potential
17633.0,52,7,2057.39,0.0,Champions
17634.0,57,9,2361.9700000000003,0.0,Champions
17635.0,445,3,1265.58,1.0,Churned
17636.0,40,1,285.56,2.0,Potential
17637.0,52,2,547.0600000000001,2.0,Potential
17638.0,668,2,842.4,1.0,Churned
17639.0,297,6,615.17,2.0,Potential
17640.0,108,6,3168.94,0.0,Champions
17642.0,141,5,1824.49,2.0,Potential
17643.0,394,2,541.25,1.0,Churned
17646.0,240,12,4149.79,0.0,Champions
17647.0,86,3,331.65999999999997,2.0,Potential
17648.0,82,5,2216.37,2.0,Potential
17649.0,159,3,1578.89,2.0,Potential
17650.0,42,1,166.08,2.0,Potential
17652.0,46,12,4867.72,0.0,Champions
17653.0,58,4,1207.56,2.0,Potential
17654.0,298,1,117.55,1.0,Churned
17655.0,32,9,3652.48,0.0,Champions
17656.0,94,5,1674.69,2.0,Potential
17657.0,451,1,126.0,1.0,Churned
17658.0,47,2,595.42,2.0,Potential
17659.0,38,14,3834.79,0.0,Champions
17660.0,162,2,359.47,2.0,Potential
17662.0,683,2,412.92,1.0,Churned
17663.0,47,17,5175.83,0.0,Champions
17664.0,40,4,1166.23,2.0,Potential
17665.0,514,1,563.1,1.0,Churned
17666.0,25,5,2047.8,2.0,Potential
17667.0,87,9,3950.7,0.0,Champions
17668.0,22,2,347.75,2.0,Potential
17670.0,249,1,205.7,2.0,Potential
17671.0,37,5,2403.34,2.0,Potential
17673.0,23,13,4233.58,0.0,Champions
17674.0,95,2,851.7,2.0,Potential
17676.0,25,10,2765.84,0.0,Champions
17678.0,285,2,599.76,2.0,Potential
17679.0,74,7,3577.61,0.0,Champions
17680.0,45,3,497.45,2.0,Potential
17681.0,618,5,731.2,1.0,Churned
17682.0,31,11,4456.78,0.0,Champions
17683.0,407,3,819.01,1.0,Churned
17684.0,65,1,239.41,2.0,Potential
17687.0,442,1,432.68,1.0,Churned
17688.0,415,1,304.2,1.0,Churned
17689.0,409,2,317.08,1.0,Churned
17691.0,379,4,780.0500000000001,1.0,Churned
17692.0,148,12,2975.8,0.0,Champions
17693.0,158,1,200.47,2.0,Potential
17694.0,163,3,1695.97,2.0,Potential
17695.0,153,5,1746.04,2.0,Potential
17697.0,257,1,338.95,2.0,Potential
17698.0,282,1,154.95,1.0,Churned
17699.0,498,2,442.0,1.0,Churned
17701.0,274,1,417.95,2.0,Potential
17702.0,51,6,3144.04,0.0,Champions
17703.0,56,4,1094.84,2.0,Potential
17704.0,190,2,885.19,2.0,Potential
17705.0,24,11,2083.9,0.0,Champions
17707.0,206,8,609.3000000000001,2.0,Potential
17708.0,209,4,887.9300000000001,2.0,Potential
17709.0,191,5,671.01,2.0,Potential
17710.0,445,1,293.5,1.0,Churned
17711.0,32,2,385.1,2.0,Potential
17712.0,66,1,522.91,2.0,Potential
17713.0,403,4,1198.09,1.0,Churned
17714.0,342,5,1410.18,2.0,Potential
17715.0,222,2,489.59999999999997,2.0,Potential
17717.0,442,1,376.92,1.0,Churned
17718.0,253,2,439.18,2.0,Potential
17720.0,47,10,2768.91,0.0,Champions
17721.0,680,1,307.21000000000004,1.0,Churned
17722.0,117,5,4430.36,0.0,Champions
17723.0,148,7,3378.4000000000005,0.0,Champions
17724.0,92,3,1033.0,2.0,Potential
17725.0,37,11,3439.08,0.0,Champions
17726.0,416,7,1092.06,1.0,Churned
17727.0,36,1,1060.25,2.0,Potential
17728.0,25,5,4238.76,0.0,Champions
17729.0,617,1,438.65000000000003,1.0,Churned
17731.0,100,6,1708.99,2.0,Potential
17732.0,394,8,2470.39,0.0,Champions
17733.0,60,2,692.19,2.0,Potential
17734.0,75,6,1442.32,2.0,Potential
17736.0,30,3,377.44,2.0,Potential
17737.0,30,2,168.24,2.0,Potential
17738.0,40,13,4183.56,0.0,Champions
17740.0,410,6,426.9,1.0,Churned
17741.0,428,2,101.1,1.0,Churned
17742.0,134,11,2098.48,0.0,Champions
17743.0,469,1,229.2,1.0,Churned
17744.0,25,7,2649.14,0.0,Champions
17745.0,499,2,600.34,1.0,Churned
17746.0,261,4,904.1800000000001,2.0,Potential
17747.0,134,1,71.4,2.0,Potential
17748.0,548,1,358.15,1.0,Churned
17749.0,199,3,1026.18,2.0,Potential
17750.0,26,9,1797.57,0.0,Champions
17751.0,442,1,157.85999999999999,1.0,Churned
17752.0,380,1,80.64,1.0,Churned
17753.0,485,4,390.56,1.0,Churned
17754.0,22,13,4577.53,0.0,Champions
17756.0,397,3,733.7,1.0,Churned
17758.0,40,12,5012.53,0.0,Champions
17759.0,38,5,1276.91,2.0,Potential
17760.0,43,6,918.93,2.0,Potential
17761.0,54,1,712.78,2.0,Potential
17762.0,477,1,129.75,1.0,Churned
17763.0,284,4,86.15,2.0,Potential
17764.0,72,5,1623.64,2.0,Potential
17765.0,180,4,530.8,2.0,Potential
17766.0,402,2,299.61,1.0,Churned
17767.0,36,2,413.05,2.0,Potential
17768.0,29,7,3509.51,0.0,Champions
17770.0,220,5,1143.27,2.0,Potential
17771.0,78,4,387.41,2.0,Potential
17772.0,32,3,384.77,2.0,Potential
17773.0,535,2,585.27,1.0,Churned
17774.0,118,9,3328.05,0.0,Champions
17775.0,276,1,56.4,1.0,Churned
17776.0,408,2,338.56,1.0,Churned
17777.0,46,3,665.86,2.0,Potential
17778.0,683,1,197.70000000000002,1.0,Churned
17779.0,42,3,658.57,2.0,Potential
17780.0,688,3,352.91,1.0,Churned
17781.0,180,2,188.02,2.0,Potential
17782.0,404,2,679.02,1.0,Churned
17783.0,93,3,379.91,2.0,Potential
17784.0,571,1,112.86,1.0,Churned
17785.0,74,3,403.38,2.0,Potential
17786.0,106,2,278.74,2.0,Potential
17787.0,174,4,2601.4700000000003,2.0,Potential
17788.0,95,2,1117.9,2.0,Potential
17789.0,302,2,397.15,1.0,Churned
17790.0,48,20,2783.61,0.0,Champions
17791.0,51,1,106.1,2.0,Potential
17792.0,488,2,370.05,1.0,Churned
17793.0,46,1,323.04,2.0,Potential
17794.0,708,2,147.3,1.0,Churned
17795.0,201,2,350.39,2.0,Potential
17796.0,61,7,1361.99,2.0,Potential
17797.0,43,8,1985.87,0.0,Champions
17798.0,603,1,183.09,1.0,Churned
17800.0,58,9,1199.01,2.0,Potential
17801.0,472,3,798.3299999999999,1.0,Churned
17802.0,103,10,5053.12,0.0,Champions
17803.0,413,1,184.66,1.0,Churned
17804.0,397,3,385.23,1.0,Churned
17805.0,95,2,927.03,2.0,Potential
17806.0,32,1,546.04,2.0,Potential
17807.0,416,3,437.87,1.0,Churned
17808.0,570,4,262.64,1.0,Churned
17810.0,690,2,374.81,1.0,Churned
17812.0,34,7,1165.8899999999999,2.0,Potential
17813.0,35,5,1770.8799999999999,2.0,Potential
17814.0,396,2,1617.32,1.0,Churned
17815.0,414,1,591.96,1.0,Churned
17816.0,58,6,112.32,2.0,Potential
17817.0,25,6,807.85,2.0,Potential
17818.0,759,1,130.18,1.0,Churned
17820.0,395,1,183.56,1.0,Churned
17821.0,427,1,334.62,1.0,Churned
17822.0,441,5,2188.5,1.0,Churned
17823.0,442,2,494.25,1.0,Churned
17824.0,72,1,298.4,2.0,Potential
17825.0,620,4,731.96,1.0,Churned
17826.0,395,1,134.59,1.0,Churned
17827.0,26,6,2388.05,0.0,Champions
17828.0,44,4,1820.09,2.0,Potential
17829.0,320,5,4756.74,0.0,Champions
17830.0,23,3,398.7,2.0,Potential
17831.0,54,1,35.400000000000006,2.0,Potential
17832.0,71,1,155.37,2.0,Potential
17833.0,744,1,342.36,1.0,Churned
17834.0,436,2,730.47,1.0,Churned
17835.0,24,3,350.64,2.0,Potential
17836.0,68,1,110.21000000000001,2.0,Potential
17837.0,63,8,1593.38,2.0,Potential
17839.0,63,1,338.8,2.0,Potential
17840.0,465,1,185.72,1.0,Churned
17842.0,623,1,430.69,1.0,Churned
17843.0,324,2,326.23,1.0,Churned
17844.0,128,1,51.559999999999995,2.0,Potential
17845.0,576,4,598.19,1.0,Churned
17846.0,106,1,2033.1,2.0,Potential
17847.0,537,2,129.69,1.0,Churned
17848.0,102,30,3650.9,0.0,Champions
17849.0,239,8,1063.76,2.0,Potential
17851.0,443,6,1563.34,1.0,Churned
17852.0,33,5,663.21,2.0,Potential
17853.0,428,3,1608.19,1.0,Churned
17854.0,206,6,1071.45,2.0,Potential
17855.0,394,1,417.94,1.0,Churned
17856.0,23,4,1418.03,2.0,Potential
17859.0,326,1,148.21,1.0,Churned
17860.0,390,4,1015.54,1.0,Churned
17861.0,24,18,5127.69,0.0,Champions
17862.0,345,4,1279.09,1.0,Churned
17864.0,34,5,924.32,2.0,Potential
17866.0,164,3,1134.95,2.0,Potential
17867.0,51,15,1621.2800000000002,0.0,Champions
17868.0,407,1,234.65,1.0,Churned
17869.0,128,7,1036.16,2.0,Potential
17870.0,23,13,3108.15,0.0,Champions
17871.0,226,5,1118.99,2.0,Potential
17872.0,403,1,235.87,1.0,Churned
17874.0,206,6,683.46,2.0,Potential
17875.0,709,1,167.1,1.0,Churned
17876.0,421,3,3424.02,0.0,Champions
17877.0,191,1,237.61,2.0,Potential
17878.0,65,3,1412.33,2.0,Potential
17879.0,195,1,178.51999999999998,2.0,Potential
17880.0,386,3,824.9200000000001,1.0,Churned
17881.0,325,1,133.35000000000002,1.0,Churned
17882.0,400,2,313.46,1.0,Churned
17883.0,24,7,995.85,2.0,Potential
17884.0,25,20,3072.89,0.0,Champions
17885.0,33,1,190.19,2.0,Potential
17886.0,53,6,1608.38,2.0,Potential
17887.0,150,1,111.35,2.0,Potential
17888.0,42,25,1820.44,0.0,Champions
17889.0,233,7,774.87,2.0,Potential
17890.0,344,2,602.09,1.0,Churned
17891.0,183,1,203.85999999999999,2.0,Potential
17892.0,77,3,244.1,2.0,Potential
17893.0,246,1,112.25,2.0,Potential
17894.0,93,18,2453.38,0.0,Champions
17895.0,65,1,98.0,2.0,Potential
17896.0,44,1,256.32,2.0,Potential
17897.0,194,9,2585.0,0.0,Champions
17898.0,106,4,299.18,2.0,Potential
17899.0,180,1,155.8,2.0,Potential
17900.0,211,2,112.19999999999999,2.0,Potential
17901.0,50,3,260.08,2.0,Potential
17902.0,568,1,216.39999999999998,1.0,Churned
17903.0,415,1,381.09000000000003,1.0,Churned
17904.0,42,1,191.67,2.0,Potential
17905.0,92,13,2383.52,0.0,Champions
17906.0,268,1,72.9,2.0,Potential
17907.0,662,1,291.76,1.0,Churned
17908.0,395,5,1411.54,1.0,Churned
17909.0,758,1,132.55,1.0,Churned
17910.0,747,1,261.7,1.0,Churned
17911.0,30,1,366.23,2.0,Potential
17912.0,331,6,375.5,1.0,Churned
17913.0,80,14,3479.64,0.0,Champions
17914.0,25,1,336.43,2.0,Potential
17915.0,572,1,242.13,1.0,Churned
17916.0,650,2,43.87,1.0,Churned
17917.0,66,3,341.28,2.0,Potential
17918.0,522,3,396.39,1.0,Churned
17919.0,109,2,1840.32,2.0,Potential
17921.0,85,10,2423.5,0.0,Champions
17922.0,564,1,170.4,1.0,Churned
17923.0,303,3,497.0,1.0,Churned
17924.0,33,8,3536.7000000000003,0.0,Champions
17925.0,394,1,488.16,1.0,Churned
17926.0,154,5,1035.49,2.0,Potential
17927.0,743,1,294.0,1.0,Churned
17928.0,66,3,341.24,2.0,Potential
17929.0,32,12,3082.1,0.0,Champions
17930.0,57,13,4275.22,0.0,Champions
17931.0,155,14,3437.29,0.0,Champions
17932.0,50,3,1331.57,2.0,Potential
17933.0,653,1,114.69,1.0,Churned
17934.0,73,3,1049.15,2.0,Potential
17935.0,159,7,686.14,2.0,Potential
17936.0,26,1,389.84,2.0,Potential
17937.0,30,7,4301.22,0.0,Champions
17938.0,441,1,144.29,1.0,Churned
17939.0,181,1,99.14,2.0,Potential
17941.0,152,4,1433.28,2.0,Potential
17942.0,29,1,77.50000000000001,2.0,Potential
17944.0,444,1,75.41,1.0,Churned
17945.0,718,3,360.35,1.0,Churned
17946.0,254,2,149.57999999999998,2.0,Potential
17947.0,58,1,176.68,2.0,Potential
17948.0,168,1,358.56000000000006,2.0,Potential
17950.0,93,7,1432.81,2.0,Potential
17951.0,61,4,1636.0800000000002,2.0,Potential
17952.0,399,4,819.61,1.0,Churned
17953.0,561,1,160.82,1.0,Churned
17954.0,26,19,3966.05,0.0,Champions
17955.0,220,6,949.9,2.0,Potential
17956.0,270,1,12.75,2.0,Potential
17957.0,87,1,111.68,2.0,Potential
17958.0,138,2,973.88,2.0,Potential
17959.0,613,1,140.75,1.0,Churned
17960.0,192,3,135.08,2.0,Potential
17961.0,42,100,2995.54,0.0,Champions
17962.0,163,4,687.42,2.0,Potential
17963.0,492,4,651.51,1.0,Churned
17964.0,53,2,733.46,2.0,Potential
17966.0,59,10,1974.42,0.0,Champions
17967.0,393,2,357.28999999999996,1.0,Churned
17968.0,395,4,888.04,1.0,Churned
17969.0,187,20,2369.94,0.0,Champions
17970.0,232,1,582.59,2.0,Potential
17971.0,569,1,161.94,1.0,Churned
17972.0,263,1,136.04,2.0,Potential
17973.0,73,1,337.04,2.0,Potential
17974.0,46,6,1858.06,2.0,Potential
17976.0,393,1,706.38,1.0,Churned
17977.0,50,2,1565.6299999999999,2.0,Potential
17978.0,386,4,1461.76,1.0,Churned
17979.0,57,4,757.71,2.0,Potential
17980.0,187,4,1033.42,2.0,Potential
17981.0,432,1,239.12,1.0,Churned
17982.0,702,1,138.18,1.0,Churned
17983.0,416,1,171.71,1.0,Churned
17984.0,166,5,1191.27,2.0,Potential
17985.0,43,1,634.95,2.0,Potential
17986.0,77,1,20.8,2.0,Potential
17987.0,206,5,1003.64,2.0,Potential
17988.0,33,14,489.54,0.0,Champions
17989.0,400,1,228.82999999999998,1.0,Churned
17990.0,258,6,1527.6100000000001,2.0,Potential
17991.0,246,3,320.55,2.0,Potential
17992.0,410,1,254.13,1.0,Churned
17993.0,638,1,235.19,1.0,Churned
17994.0,143,11,2313.32,0.0,Champions
17995.0,303,3,495.48,1.0,Churned
17996.0,401,3,482.33,1.0,Churned
17997.0,95,8,1970.6699999999998,0.0,Champions
17998.0,401,3,639.24,1.0,Churned
17999.0,58,3,730.9,2.0,Potential
18000.0,585,1,124.25,1.0,Churned
18001.0,33,6,953.84,2.0,Potential
18002.0,397,4,249.92,1.0,Churned
18003.0,397,1,358.61,1.0,Churned
18004.0,383,1,169.47,1.0,Churned
18005.0,25,2,249.72,2.0,Potential
18006.0,44,4,997.86,2.0,Potential
18007.0,414,1,220.32,1.0,Churned
18009.0,256,8,2155.83,0.0,Champions
18010.0,278,1,174.8,1.0,Churned
18011.0,394,2,527.03,1.0,Churned
18012.0,744,1,115.3,1.0,Churned
18013.0,176,2,187.29,2.0,Potential
18014.0,49,1,166.42,2.0,Potential
18015.0,25,1,120.03,2.0,Potential
18016.0,53,7,1960.46,0.0,Champions
18017.0,102,4,688.0,2.0,Potential
18018.0,129,4,297.99,2.0,Potential
18019.0,73,1,38.45,2.0,Potential
18020.0,565,1,190.48000000000002,1.0,Churned
18021.0,531,2,227.06,1.0,Churned
18022.0,57,5,1651.79,2.0,Potential
18024.0,174,2,389.78,2.0,Potential
18025.0,401,6,1177.72,1.0,Churned
18026.0,522,2,2074.07,1.0,Churned
18027.0,120,1,115.31,2.0,Potential
18028.0,604,1,192.05,1.0,Churned
18029.0,663,1,433.77,1.0,Churned
18030.0,25,2,230.64999999999998,2.0,Potential
18031.0,400,1,462.09999999999997,1.0,Churned
18032.0,355,1,73.5,1.0,Churned
18033.0,86,1,97.97,2.0,Potential
18034.0,43,3,793.7,2.0,Potential
18035.0,57,5,1276.74,2.0,Potential
18036.0,53,11,1563.6399999999999,0.0,Champions
18037.0,175,15,167.42,0.0,Champions
18038.0,577,1,149.41,1.0,Churned
18039.0,395,4,579.17,1.0,Churned
18040.0,40,2,357.20000000000005,2.0,Potential
18042.0,75,2,281.15,2.0,Potential
18043.0,46,3,875.97,2.0,Potential
18044.0,25,18,3505.61,0.0,Champions
18045.0,66,1,189.4,2.0,Potential
18046.0,671,1,189.63,1.0,Churned
18047.0,402,2,342.69,1.0,Churned
18048.0,224,3,401.73,2.0,Potential
18049.0,458,2,556.52,1.0,Churned
18050.0,380,2,412.06,1.0,Churned
18051.0,655,7,2282.28,1.0,Churned
18053.0,92,3,571.07,2.0,Potential
18054.0,414,1,176.5,1.0,Churned
18056.0,309,2,554.6,1.0,Churned
18057.0,414,3,1203.56,1.0,Churned
18058.0,31,3,774.06,2.0,Potential
18059.0,44,3,306.46,2.0,Potential
18060.0,429,2,1185.46,1.0,Churned
18062.0,194,6,1632.67,2.0,Potential
18063.0,412,2,186.60000000000002,1.0,Churned
18064.0,154,11,4495.03,0.0,Champions
18066.0,96,3,1440.4,2.0,Potential
18067.0,61,1,396.33,2.0,Potential
18068.0,310,1,101.69999999999999,1.0,Churned
18069.0,47,11,4540.56,0.0,Champions
18070.0,690,1,314.1,1.0,Churned
18071.0,279,6,1428.63,2.0,Potential
18072.0,207,1,247.44,2.0,Potential
18073.0,135,12,3877.5200000000004,0.0,Champions
18074.0,395,2,1509.04,1.0,Churned
18076.0,401,1,151.49,1.0,Churned
18077.0,29,18,4338.56,0.0,Champions
18078.0,238,4,844.6,2.0,Potential
18079.0,66,5,4242.75,0.0,Champions
18080.0,40,2,1231.5,2.0,Potential
18081.0,57,3,343.45,2.0,Potential
18082.0,47,1,703.37,2.0,Potential
18083.0,419,1,470.72999999999996,1.0,Churned
18084.0,37,3,812.93,2.0,Potential
18085.0,351,4,1645.75,1.0,Churned
18086.0,295,1,101.34,1.0,Churned
18088.0,82,1,167.67000000000002,2.0,Potential
18089.0,468,1,428.45,1.0,Churned
18090.0,443,1,349.4,1.0,Churned
18091.0,614,1,360.85,1.0,Churned
18093.0,114,8,4452.71,0.0,Champions
18095.0,334,5,2303.09,2.0,Potential
18096.0,33,6,1805.28,2.0,Potential
18097.0,29,11,4663.32,0.0,Champions
18098.0,417,1,550.84,1.0,Churned
18099.0,148,1,168.31,2.0,Potential
18100.0,571,1,451.56,1.0,Churned
18101.0,32,5,629.16,2.0,Potential
18103.0,570,1,105.8,1.0,Churned
18104.0,58,1,754.64,2.0,Potential
18105.0,59,1,113.48000000000002,2.0,Potential
18106.0,351,6,1461.46,2.0,Potential
18107.0,463,1,167.13,1.0,Churned
18108.0,275,3,848.8100000000001,2.0,Potential
18110.0,41,2,435.43,2.0,Potential
18111.0,610,1,405.85,1.0,Churned
18112.0,33,4,775.96,2.0,Potential
18113.0,390,1,152.64000000000001,1.0,Churned
18114.0,311,1,220.1,1.0,Churned
18115.0,719,1,9.700000000000001,1.0,Churned
18116.0,89,13,2154.3,0.0,Champions
18117.0,47,1,320.72,2.0,Potential
18119.0,389,1,362.24,1.0,Churned
18120.0,235,1,111.15,2.0,Potential
18121.0,170,2,673.1,2.0,Potential
18122.0,29,6,1826.21,2.0,Potential
18123.0,45,3,684.59,2.0,Potential
18124.0,493,1,111.53,1.0,Churned
18125.0,51,4,1142.99,2.0,Potential
18126.0,82,1,206.82999999999998,2.0,Potential
18127.0,40,4,561.53,2.0,Potential
18128.0,558,1,420.04,1.0,Churned
18129.0,264,1,112.55000000000001,2.0,Potential
18130.0,36,3,1059.39,2.0,Potential
18131.0,653,1,222.95999999999998,1.0,Churned
18132.0,525,1,226.9,1.0,Churned
18133.0,233,1,931.4999999999999,2.0,Potential
18134.0,619,2,445.0,1.0,Churned
18135.0,50,10,1249.6200000000001,0.0,Champions
18136.0,84,5,1631.3600000000001,2.0,Potential
18137.0,572,2,145.99,1.0,Churned
18138.0,316,1,152.65,1.0,Churned
18140.0,495,1,536.41,1.0,Churned
18141.0,423,2,882.47,1.0,Churned
18142.0,178,2,1019.52,2.0,Potential
18143.0,138,2,1000.16,2.0,Potential
18144.0,29,19,5058.0,0.0,Champions
18146.0,162,2,160.35000000000002,2.0,Potential
18147.0,67,2,179.33999999999997,2.0,Potential
18148.0,668,1,114.10000000000001,1.0,Churned
18149.0,72,7,1624.71,2.0,Potential
18150.0,53,3,566.58,2.0,Potential
18151.0,156,6,1879.44,2.0,Potential
18152.0,667,1,426.69,1.0,Churned
18153.0,680,1,246.22,1.0,Churned
18154.0,24,5,932.6,2.0,Potential
18155.0,96,3,371.62,2.0,Potential
18156.0,34,2,941.1700000000001,2.0,Potential
18157.0,592,1,215.35,1.0,Churned
18158.0,30,2,453.4,2.0,Potential
18159.0,322,1,530.15,1.0,Churned
18160.0,78,3,1003.88,2.0,Potential
18161.0,36,6,1803.1000000000001,2.0,Potential
18162.0,753,1,379.16,1.0,Churned
18163.0,605,1,728.84,1.0,Churned
18164.0,58,1,399.65000000000003,2.0,Potential
18165.0,198,1,302.46000000000004,2.0,Potential
18166.0,645,1,175.5,1.0,Churned
18167.0,44,3,1384.8600000000001,2.0,Potential
18168.0,197,16,3770.27,0.0,Champions
18169.0,82,1,202.65,2.0,Potential
18170.0,54,9,2878.0,0.0,Champions
18171.0,80,9,2437.31,0.0,Champions
18173.0,108,5,2696.36,0.0,Champions
18174.0,28,2,162.5,2.0,Potential
18175.0,697,1,176.1,1.0,Churned
18176.0,379,1,476.35,1.0,Churned
18177.0,52,9,2216.87,0.0,Champions
18179.0,30,8,2547.55,0.0,Champions
18180.0,26,6,1843.75,2.0,Potential
18181.0,45,5,1205.94,2.0,Potential
18182.0,484,1,291.13,1.0,Churned
18183.0,248,2,632.07,2.0,Potential
18184.0,36,1,49.8,2.0,Potential
18185.0,270,1,304.25,2.0,Potential
18186.0,744,1,329.58,1.0,Churned
18187.0,653,1,724.89,1.0,Churned
18188.0,36,6,3280.59,0.0,Champions
18189.0,99,3,1403.73,2.0,Potential
18190.0,213,5,745.62,2.0,Potential
18191.0,283,2,529.4,2.0,Potential
18192.0,93,1,957.97,2.0,Potential
18193.0,186,3,1207.35,2.0,Potential
18194.0,103,6,4162.04,0.0,Champions
18195.0,408,1,101.16,1.0,Churned
18196.0,116,4,1464.31,2.0,Potential
18197.0,597,1,230.1,1.0,Churned
18199.0,705,1,344.75,1.0,Churned
18200.0,127,1,163.8,2.0,Potential
18201.0,744,1,447.53000000000003,1.0,Churned
18202.0,221,3,1396.99,2.0,Potential
18203.0,178,4,504.42,2.0,Potential
18204.0,92,3,1993.7,2.0,Potential
18205.0,57,2,517.36,2.0,Potential
18206.0,574,1,314.65999999999997,1.0,Churned
18207.0,520,1,544.47,1.0,Churned
18208.0,587,1,360.08,1.0,Churned
18209.0,50,1,139.10000000000002,2.0,Potential
18210.0,23,7,2768.83,0.0,Champions
18211.0,47,5,600.07,2.0,Potential
18212.0,347,2,546.72,1.0,Churned
18213.0,258,1,232.48000000000002,2.0,Potential
18214.0,552,4,1780.34,1.0,Churned
18215.0,110,5,2247.4900000000002,2.0,Potential
18216.0,52,1,481.75,2.0,Potential
18217.0,50,4,945.04,2.0,Potential
18218.0,232,4,1142.0,2.0,Potential
18219.0,24,17,3562.89,0.0,Champions
18220.0,248,6,1921.76,2.0,Potential
18221.0,43,6,1424.94,2.0,Potential
18222.0,114,1,443.0,2.0,Potential
18224.0,285,1,158.95000000000002,1.0,Churned
18227.0,239,2,388.75,2.0,Potential
18228.0,78,2,779.9,2.0,Potential
18230.0,30,9,4291.06,0.0,Champions
18232.0,103,4,592.97,2.0,Potential
18233.0,347,1,440.0,1.0,Churned
18234.0,573,1,179.6,1.0,Churned
18235.0,93,3,1796.48,2.0,Potential
18236.0,51,12,1795.3500000000001,0.0,Champions
18237.0,24,5,987.1,2.0,Potential
18238.0,536,1,270.92,1.0,Churned
18239.0,240,6,2150.36,2.0,Potential
18240.0,67,1,422.58,2.0,Potential
18241.0,31,21,2986.9900000000002,0.0,Champions
18242.0,93,8,3605.21,0.0,Champions
18243.0,435,1,515.78,1.0,Churned
18244.0,452,2,568.64,1.0,Churned
18246.0,45,3,758.8199999999999,2.0,Potential
18247.0,436,3,839.73,1.0,Churned
18248.0,144,2,804.02,2.0,Potential
18249.0,38,1,95.34,2.0,Potential
18250.0,331,1,349.27,1.0,Churned
18252.0,72,7,1542.09,2.0,Potential
18253.0,664,1,317.88,1.0,Churned
18254.0,602,1,267.9,1.0,Churned
18255.0,110,2,303.15,2.0,Potential
18256.0,409,1,110.7,1.0,Churned
18257.0,60,12,4600.15,0.0,Champions
18258.0,485,6,2059.67,1.0,Churned
18259.0,46,7,4318.200000000001,0.0,Champions
18261.0,64,2,324.24,2.0,Potential
18262.0,161,3,577.54,2.0,Potential
18263.0,47,3,1213.1599999999999,2.0,Potential
18264.0,520,1,603.25,1.0,Churned
18265.0,93,2,801.51,2.0,Potential
18266.0,455,1,251.1,1.0,Churned
18267.0,694,1,269.37,1.0,Churned
18268.0,155,6,1490.23,2.0,Potential
18269.0,387,1,337.2,1.0,Churned
18270.0,59,3,444.55,2.0,Potential
18271.0,631,2,680.85,1.0,Churned
18272.0,24,9,4385.9800000000005,0.0,Champions
18273.0,23,4,357.0,2.0,Potential
18274.0,51,1,175.92,2.0,Potential
18275.0,599,2,741.85,1.0,Churned
18276.0,65,6,1656.52,2.0,Potential
18277.0,79,5,1180.05,2.0,Potential
18278.0,95,2,414.20000000000005,2.0,Potential
18279.0,540,1,231.33999999999997,1.0,Churned
18280.0,299,2,488.15000000000003,1.0,Churned
18281.0,202,2,201.14,2.0,Potential
18282.0,29,2,178.05,2.0,Potential
18283.0,25,22,2736.65,0.0,Champions
18284.0,453,1,461.68,1.0,Churned
18285.0,682,1,427.0,1.0,Churned
18286.0,498,2,1296.43,1.0,Churned
18287.0,64,7,4182.99,0.0,Champions
12346.0,347,12,77556.46,,VIP
12347.0,23,8,5633.32,,VIP
12356.0,44,6,6373.68,,VIP
12357.0,54,3,18287.66,,VIP
12359.0,79,10,8935.94,,VIP
12362.0,24,11,5356.23,,VIP
12378.0,151,2,5416.32,,VIP
12380.0,43,11,9676.300000000001,,VIP
12406.0,43,5,6390.36,,VIP
12409.0,100,7,23419.29,,VIP
12415.0,45,28,144458.37,,VIP
12417.0,24,20,6816.91,,VIP
12428.0,47,9,7956.46,,VIP
12429.0,30,8,7485.91,,VIP
12431.0,57,27,10857.97,,VIP
12433.0,22,10,20581.26,,VIP
12435.0,101,6,13925.93,,VIP
12437.0,23,39,12683.4,,VIP
12451.0,32,8,12669.88,,VIP
12454.0,77,5,16679.78,,VIP
12455.0,94,10,5879.95,,VIP
12471.0,23,79,39963.79,,VIP
12472.0,53,19,17880.59,,VIP
12474.0,38,31,12424.45,,VIP
12476.0,37,23,14115.41,,VIP
12477.0,44,9,20276.37,,VIP
12480.0,49,7,5464.85,,VIP
12481.0,44,15,12361.39,,VIP
12482.0,597,29,23691.4,,VIP
12484.0,54,12,6370.15,,VIP
12490.0,26,21,9823.64,,VIP
12497.0,103,3,6248.5,,VIP
12500.0,44,19,5955.21,,VIP
12524.0,30,17,11126.11,,VIP
12536.0,64,3,12601.830000000002,,VIP
12539.0,43,7,11214.75,,VIP
12540.0,41,33,22254.49,,VIP
12557.0,37,8,18716.14,,VIP
12567.0,44,15,13709.86,,VIP
12583.0,24,27,14447.44,,VIP
12590.0,232,2,9864.26,,VIP
12613.0,78,10,6835.07,,VIP
12615.0,23,8,5740.98,,VIP
12621.0,23,35,24775.81,,VIP
12626.0,44,9,6620.48,,VIP
12633.0,80,7,5678.16,,VIP
12637.0,88,12,8340.31,,VIP
12643.0,149,12,8350.42,,VIP
12647.0,43,36,17924.35,,VIP
12656.0,38,8,6407.83,,VIP
12662.0,22,20,6988.02,,VIP
12664.0,29,11,6070.04,,VIP
12668.0,33,10,11444.68,,VIP
12678.0,63,21,34281.18,,VIP
12681.0,36,45,30868.28,,VIP
12682.0,25,52,24033.91,,VIP
12683.0,25,21,12696.78,,VIP
12705.0,36,14,11762.1,,VIP
12708.0,51,18,5314.1,,VIP
12709.0,36,34,31093.34,,VIP
12712.0,50,21,7193.66,,VIP
12714.0,30,12,14093.71,,VIP
12720.0,24,30,8260.67,,VIP
12727.0,32,10,5679.53,,VIP
12731.0,45,17,25775.71,,VIP
12744.0,73,11,25317.06,,VIP
12747.0,23,26,9276.539999999999,,VIP
12748.0,22,336,56599.39,,VIP
12749.0,25,9,6897.36,,VIP
12753.0,44,6,21429.39,,VIP
12755.0,302,11,9030.66,,VIP
12757.0,37,13,7857.1,,VIP
12758.0,138,7,9903.24,,VIP
12766.0,25,9,10068.28,,VIP
12779.0,59,14,6722.2699999999995,,VIP
12798.0,31,4,8510.93,,VIP
12823.0,96,18,6501.5,,VIP
12830.0,59,6,6814.64,,VIP
12835.0,449,41,6043.31,,VIP
12836.0,80,15,6585.62,,VIP
12839.0,24,26,10071.73,,VIP
12841.0,26,40,7540.68,,VIP
12843.0,87,30,6588.41,,VIP
12867.0,47,13,7913.29,,VIP
12901.0,30,28,17654.54,,VIP
12910.0,44,13,5796.52,,VIP
12913.0,26,13,6700.860000000001,,VIP
12918.0,647,1,10953.5,,VIP
12921.0,30,74,35921.04,,VIP
12931.0,43,57,92347.34,,VIP
12939.0,85,20,25264.8,,VIP
12949.0,52,22,15526.7,,VIP
12957.0,31,13,8706.97,,VIP
12971.0,25,116,15972.79,,VIP
12980.0,179,21,16245.78,,VIP
12989.0,24,33,13551.75,,VIP
13001.0,25,33,24172.100000000002,,VIP
13004.0,33,36,11650.85,,VIP
13013.0,22,29,12625.77,,VIP
13014.0,32,11,5381.08,,VIP
13015.0,74,11,6586.42,,VIP
13018.0,37,35,9763.16,,VIP
13027.0,135,19,17335.2,,VIP
13047.0,53,24,8795.16,,VIP
13050.0,36,35,12344.53,,VIP
13069.0,22,38,9683.13,,VIP
13078.0,24,57,29532.45,,VIP
13081.0,33,28,59205.15,,VIP
13082.0,147,21,7335.75,,VIP
13089.0,24,203,116737.86,,VIP
13090.0,30,24,14103.09,,VIP
13093.0,297,55,54943.65,,VIP
13097.0,54,28,13389.22,,VIP
13098.0,22,28,28882.44,,VIP
13102.0,22,37,11696.92,,VIP
13107.0,65,9,5253.07,,VIP
13113.0,22,37,18625.73,,VIP
13115.0,33,10,5494.7,,VIP
13136.0,77,13,6274.56,,VIP
13137.0,32,16,7712.7,,VIP
13139.0,37,8,8202.98,,VIP
13141.0,106,17,7668.58,,VIP
13148.0,50,26,8621.81,,VIP
13157.0,70,9,5687.36,,VIP
13162.0,143,16,9275.49,,VIP
13174.0,37,12,9494.84,,VIP
13178.0,47,21,14059.19,,VIP
13183.0,29,15,7036.18,,VIP
13199.0,25,67,16432.89,,VIP
13206.0,421,13,8377.32,,VIP
13209.0,51,13,8509.51,,VIP
13225.0,24,16,16260.07,,VIP
13230.0,25,30,6360.78,,VIP
13263.0,22,39,8704.69,,VIP
13266.0,32,19,6135.04,,VIP
13267.0,24,36,9758.26,,VIP
13269.0,22,28,8891.7,,VIP
13316.0,58,10,13191.57,,VIP
13317.0,87,19,6486.091,,VIP
13319.0,26,58,22082.5,,VIP
13324.0,57,18,10513.47,,VIP
13327.0,60,20,9879.48,,VIP
13334.0,103,5,6263.75,,VIP
13340.0,66,12,22100.56,,VIP
13362.0,30,7,5394.07,,VIP
13373.0,82,6,7587.1900000000005,,VIP
13381.0,53,12,8224.37,,VIP
13384.0,52,11,6680.83,,VIP
13394.0,23,19,6621.7,,VIP
13408.0,23,106,51733.462,,VIP
13418.0,33,31,12233.6,,VIP
13426.0,22,22,8167.38,,VIP
13448.0,38,13,9240.87,,VIP
13451.0,47,11,7190.92,,VIP
13458.0,28,16,11959.27,,VIP
13468.0,23,72,13390.51,,VIP
13488.0,38,23,15587.88,,VIP
13495.0,29,10,5374.26,,VIP
13520.0,80,11,6909.4,,VIP
13534.0,23,35,7720.9,,VIP
13552.0,87,22,6978.92,,VIP
13555.0,95,13,8999.19,,VIP
13564.0,165,37,17249.55,,VIP
13576.0,31,28,11551.74,,VIP
13590.0,32,18,6349.59,,VIP
13593.0,129,14,5523.6900000000005,,VIP
13599.0,22,33,10167.630000000001,,VIP
13615.0,340,8,6272.53,,VIP
13629.0,44,19,13370.86,,VIP
13654.0,64,11,6308.0,,VIP
13658.0,31,9,6025.5,,VIP
13668.0,24,35,13089.94,,VIP
13680.0,22,12,11435.67,,VIP
13687.0,459,1,11880.84,,VIP
13694.0,25,143,196482.81,,VIP
13709.0,25,18,7591.75,,VIP
13715.0,302,17,8483.29,,VIP
13722.0,153,10,5635.41,,VIP
13734.0,530,4,6701.640000000001,,VIP
13735.0,46,13,9813.22,,VIP
13756.0,23,23,9207.5,,VIP
13758.0,33,15,9416.98,,VIP
13767.0,23,73,35540.53,,VIP
13769.0,23,20,5800.42,,VIP
13771.0,85,9,5728.82,,VIP
13777.0,22,61,56478.42,,VIP
13798.0,22,110,75836.87,,VIP
13802.0,160,19,26259.11,,VIP
13815.0,43,8,7475.74,,VIP
13831.0,37,18,7023.58,,VIP
13842.0,80,18,5629.91,,VIP
13854.0,30,39,12253.96,,VIP
13869.0,144,10,8111.57,,VIP
13870.0,23,15,5712.08,,VIP
13871.0,44,17,7885.85,,VIP
13881.0,25,43,45179.1,,VIP
13883.0,32,15,6560.02,,VIP
13901.0,93,15,5676.34,,VIP
13902.0,653,5,34095.26,,VIP
13931.0,117,11,5257.38,,VIP
13935.0,618,3,6116.92,,VIP
13941.0,43,15,11122.300000000001,,VIP
13952.0,239,14,12823.521,,VIP
13953.0,28,12,6640.68,,VIP
13969.0,28,35,13365.87,,VIP
13975.0,52,12,5358.84,,VIP
13983.0,51,21,7108.45,,VIP
13985.0,25,22,10020.86,,VIP
13993.0,64,19,6775.71,,VIP
13999.0,31,29,9502.26,,VIP
14004.0,64,11,6258.45,,VIP
14016.0,183,11,11403.41,,VIP
14028.0,571,3,10396.5,,VIP
14030.0,39,20,8262.29,,VIP
14031.0,28,44,40999.17,,VIP
14040.0,62,35,12645.57,,VIP
14045.0,130,16,11313.029999999999,,VIP
14049.0,38,13,13239.03,,VIP
14051.0,22,37,22434.0,,VIP
14056.0,22,23,8214.65,,VIP
14057.0,45,22,8408.84,,VIP
14060.0,26,30,9519.08,,VIP
14062.0,31,24,25604.2,,VIP
14063.0,459,9,22710.2,,VIP
14081.0,323,10,5370.1,,VIP
14085.0,23,33,10104.97,,VIP
14088.0,31,16,64036.8,,VIP
14091.0,675,2,9530.08,,VIP
14092.0,29,24,7229.45,,VIP
14096.0,25,17,65164.79,,VIP
14099.0,37,20,5765.71,,VIP
14101.0,95,13,9961.93,,VIP
14105.0,260,5,5988.83,,VIP
14110.0,25,33,12987.95,,VIP
14112.0,44,13,5834.59,,VIP
14113.0,25,16,7092.610000000001,,VIP
14134.0,404,15,11123.35,,VIP
14135.0,23,24,9643.92,,VIP
14145.0,68,7,7600.05,,VIP
14146.0,30,12,9450.3,,VIP
14154.0,260,8,6460.7,,VIP
14156.0,31,156,313946.37,,VIP
14159.0,41,20,7938.01,,VIP
14160.0,631,7,8421.47,,VIP
14175.0,81,8,7678.88,,VIP
14180.0,32,33,6319.25,,VIP
14189.0,23,16,5814.39,,VIP
14194.0,26,36,18670.59,,VIP
14210.0,127,16,5861.52,,VIP
14221.0,63,17,6517.49,,VIP
14227.0,47,15,6368.71,,VIP
14243.0,30,17,7431.05,,VIP
14249.0,432,12,5625.461,,VIP
14257.0,85,9,5954.45,,VIP
14258.0,30,25,32051.34,,VIP
14277.0,36,9,17225.81,,VIP
14282.0,24,25,7849.66,,VIP
14286.0,45,7,8479.76,,VIP
14291.0,23,23,7904.1,,VIP
14292.0,29,16,9226.25,,VIP
14298.0,29,82,91194.49,,VIP
14299.0,29,27,14499.49,,VIP
14329.0,38,15,9927.22,,VIP
14367.0,29,16,9261.52,,VIP
14388.0,31,16,6701.0,,VIP
14390.0,31,13,6399.83,,VIP
14395.0,23,20,8208.01,,VIP
14401.0,25,22,6795.9,,VIP
14415.0,22,23,12091.6,,VIP
14422.0,22,19,10271.52,,VIP
14426.0,45,17,11727.94,,VIP
14439.0,341,5,9443.04,,VIP
14440.0,29,13,6638.7300000000005,,VIP
14442.0,226,7,5367.0199999999995,,VIP
14459.0,176,2,5375.741,,VIP
14461.0,169,13,6713.5,,VIP
14505.0,38,19,12001.84,,VIP
14525.0,41,17,8240.64,,VIP
14527.0,24,122,27792.3,,VIP
14530.0,47,16,6197.4,,VIP
14534.0,24,26,6271.11,,VIP
14535.0,81,9,6030.7300000000005,,VIP
14543.0,50,39,14906.77,,VIP
14560.0,28,44,6114.03,,VIP
14562.0,25,26,6729.400000000001,,VIP
14572.0,24,11,5615.18,,VIP
14606.0,22,192,30861.06,,VIP
14607.0,37,22,24137.63,,VIP
14626.0,45,11,5410.92,,VIP
14646.0,23,151,528602.52,,VIP
14667.0,32,54,21927.14,,VIP
14676.0,52,12,8356.79,,VIP
14680.0,46,58,57412.77,,VIP
14688.0,29,28,7713.57,,VIP
14702.0,22,29,6754.22,,VIP
14709.0,36,25,8886.33,,VIP
14713.0,30,21,5418.87,,VIP
14732.0,29,19,5517.07,,VIP
14733.0,37,15,16184.97,,VIP
14735.0,25,56,12240.16,,VIP
14739.0,25,25,12287.5,,VIP
14755.0,31,25,9972.550000000001,,VIP
14766.0,29,11,6556.13,,VIP
14769.0,24,17,15771.88,,VIP
14796.0,22,27,10889.64,,VIP
14800.0,69,17,7774.32,,VIP
14828.0,218,13,9839.460000000001,,VIP
14841.0,74,14,7163.0,,VIP
14844.0,85,10,6702.43,,VIP
14849.0,43,43,15763.45,,VIP
14852.0,79,18,6147.18,,VIP
14855.0,140,7,6520.3,,VIP
14866.0,32,19,20850.22,,VIP
14895.0,29,38,25119.54,,VIP
14907.0,24,16,6165.79,,VIP
14911.0,22,398,295972.63,,VIP
14918.0,137,9,5955.81,,VIP
14930.0,130,6,5246.63,,VIP
14936.0,55,12,12410.81,,VIP
14944.0,51,19,9784.67,,VIP
14952.0,81,32,17629.35,,VIP
14961.0,32,22,16410.15,,VIP
15005.0,37,56,14106.2,,VIP
15023.0,24,20,12170.68,,VIP
15032.0,277,8,13780.65,,VIP
15034.0,37,14,8313.4,,VIP
15039.0,31,93,40031.43,,VIP
15044.0,40,35,16204.33,,VIP
15046.0,30,25,7812.389999999999,,VIP
15061.0,25,127,137818.52,,VIP
15078.0,28,53,17761.88,,VIP
15093.0,39,23,14326.11,,VIP
15098.0,203,3,39916.5,,VIP
15125.0,46,24,17024.87,,VIP
15129.0,71,23,6860.18,,VIP
15144.0,29,29,12160.31,,VIP
15150.0,38,13,9001.08,,VIP
15152.0,31,14,5263.83,,VIP
15159.0,23,34,22116.73,,VIP
15179.0,39,13,7491.92,,VIP
15189.0,22,46,17524.38,,VIP
15194.0,24,28,12427.69,,VIP
15202.0,441,3,6001.49,,VIP
15218.0,32,22,11516.57,,VIP
15228.0,87,6,5580.2699999999995,,VIP
15249.0,53,18,9266.0,,VIP
15251.0,30,21,20324.54,,VIP
15260.0,121,25,9188.23,,VIP
15270.0,37,21,8524.86,,VIP
15281.0,80,16,8543.57,,VIP
15290.0,26,26,10496.28,,VIP
15291.0,47,40,13846.56,,VIP
15296.0,72,12,10342.83,,VIP
15298.0,23,23,9459.37,,VIP
15299.0,88,10,7991.54,,VIP
15301.0,72,17,7603.4400000000005,,VIP
15311.0,22,208,116771.16,,VIP
15321.0,92,12,6709.7300000000005,,VIP
15332.0,387,6,6553.74,,VIP
15358.0,26,42,17050.41,,VIP
15369.0,513,11,6251.26,,VIP
15372.0,158,8,6017.06,,VIP
15382.0,36,12,13733.550000000001,,VIP
15394.0,31,11,5286.8,,VIP
15413.0,713,5,6798.72,,VIP
15465.0,41,32,12655.65,,VIP
15480.0,137,5,6279.0,,VIP
15482.0,37,19,14592.56,,VIP
15485.0,51,7,5771.51,,VIP
15497.0,39,9,8657.39,,VIP
15498.0,24,44,26039.58,,VIP
15502.0,37,14,13993.47,,VIP
15513.0,54,35,27750.55,,VIP
15514.0,33,18,6598.55,,VIP
15521.0,61,16,7106.69,,VIP
15523.0,105,16,17359.99,,VIP
15527.0,40,23,5575.64,,VIP
15544.0,30,20,8162.43,,VIP
15547.0,28,26,10154.39,,VIP
15555.0,33,36,12112.35,,VIP
15570.0,28,25,9311.04,,VIP
15581.0,142,38,7794.59,,VIP
15601.0,32,30,14960.12,,VIP
15615.0,31,47,21373.97,,VIP
15622.0,64,17,7852.61,,VIP
15628.0,26,17,5652.26,,VIP
15640.0,25,29,23957.58,,VIP
15641.0,126,12,5345.55,,VIP
15673.0,109,9,6414.79,,VIP
15674.0,94,13,6948.2300000000005,,VIP
15694.0,22,24,10810.81,,VIP
15719.0,54,31,10223.06,,VIP
15722.0,57,11,5258.1,,VIP
15727.0,38,15,9445.51,,VIP
15738.0,40,41,13372.970000000001,,VIP
15749.0,256,3,44534.3,,VIP
15750.0,24,18,6797.191,,VIP
15755.0,31,17,5993.12,,VIP
15760.0,652,2,13916.34,,VIP
15768.0,137,34,15601.09,,VIP
15769.0,28,46,88704.32,,VIP
15785.0,54,16,5969.93,,VIP
15786.0,67,5,8514.82,,VIP
15805.0,44,30,10189.23,,VIP
15808.0,327,21,18409.93,,VIP
15838.0,32,34,74163.0,,VIP
15854.0,25,21,5583.81,,VIP
15856.0,25,52,34220.340000000004,,VIP
15867.0,26,31,9063.95,,VIP
15874.0,85,21,11284.76,,VIP
15898.0,22,25,5596.31,,VIP
15903.0,31,12,8939.84,,VIP
15939.0,111,16,9060.39,,VIP
15950.0,53,10,7180.71,,VIP
15955.0,45,22,8658.36,,VIP
15971.0,39,18,5902.83,,VIP
15980.0,110,7,6593.68,,VIP
15981.0,46,21,9362.77,,VIP
15984.0,24,30,8759.32,,VIP
15998.0,58,16,8308.34,,VIP
16000.0,24,3,12393.7,,VIP
16003.0,51,10,5613.83,,VIP
16008.0,45,15,5384.13,,VIP
16011.0,29,29,5880.46,,VIP
16013.0,25,84,57446.44,,VIP
16019.0,68,27,17465.85,,VIP
16029.0,60,107,122209.14,,VIP
16033.0,27,27,10836.13,,VIP
16103.0,28,22,6191.71,,VIP
16126.0,50,15,14646.800000000001,,VIP
16131.0,73,12,9957.42,,VIP
16133.0,25,56,22992.260000000002,,VIP
16145.0,30,19,6805.4400000000005,,VIP
16156.0,30,20,6218.18,,VIP
16161.0,23,43,12831.8,,VIP
16168.0,32,66,10636.47,,VIP
16170.0,72,20,6869.0,,VIP
16180.0,121,13,16249.87,,VIP
16182.0,93,9,9971.65,,VIP
16186.0,44,26,9026.11,,VIP
16187.0,53,15,6911.4400000000005,,VIP
16191.0,24,24,15688.02,,VIP
16200.0,25,12,5643.45,,VIP
16210.0,23,35,38489.51,,VIP
16242.0,29,14,7474.4,,VIP
16253.0,88,7,7310.15,,VIP
16258.0,66,15,11942.52,,VIP
16265.0,30,12,6935.17,,VIP
16279.0,42,9,5705.08,,VIP
16303.0,47,7,7928.27,,VIP
16316.0,85,13,5744.91,,VIP
16320.0,193,6,5628.99,,VIP
16327.0,35,16,10731.34,,VIP
16333.0,29,22,26626.8,,VIP
16353.0,25,38,9999.460000000001,,VIP
16393.0,23,23,5561.66,,VIP
16401.0,22,23,6849.15,,VIP
16409.0,57,12,5709.04,,VIP
16422.0,38,109,63651.47,,VIP
16446.0,22,2,168472.5,,VIP
16456.0,120,13,6862.91,,VIP
16458.0,24,30,5715.34,,VIP
16497.0,71,23,6695.28,,VIP
16523.0,23,28,11916.33,,VIP
16525.0,23,48,24582.64,,VIP
16532.0,39,5,8756.64,,VIP
16546.0,312,5,5606.47,,VIP
16549.0,31,34,13182.19,,VIP
16550.0,130,18,9435.13,,VIP
16553.0,184,33,16644.01,,VIP
16556.0,88,17,8012.58,,VIP
16558.0,22,38,13873.51,,VIP
16570.0,36,20,7434.31,,VIP
16592.0,25,28,7807.91,,VIP
16607.0,39,25,5706.87,,VIP
16609.0,36,7,5493.46,,VIP
16652.0,80,16,17550.39,,VIP
16655.0,39,13,6548.37,,VIP
16656.0,43,30,16833.170000000002,,VIP
16670.0,38,20,8030.150000000001,,VIP
16672.0,23,20,8134.9400000000005,,VIP
16684.0,25,55,147142.77,,VIP
16700.0,30,25,9167.710000000001,,VIP
16701.0,30,26,9916.73,,VIP
16705.0,22,42,43515.051,,VIP
16709.0,106,14,9087.460000000001,,VIP
16710.0,40,22,6349.09,,VIP
16713.0,40,32,14560.69,,VIP
16717.0,45,14,6986.2300000000005,,VIP
16722.0,38,22,8989.08,,VIP
16729.0,59,21,7239.92,,VIP
16735.0,100,14,6270.56,,VIP
16745.0,108,17,7194.3,,VIP
16746.0,26,42,18066.4,,VIP
16754.0,393,29,67502.47,,VIP
16767.0,52,15,8073.8,,VIP
16779.0,23,53,33268.24,,VIP
16782.0,31,38,10438.41,,VIP
16814.0,35,36,12499.710000000001,,VIP
16839.0,30,44,22310.49,,VIP
16843.0,64,35,19571.43,,VIP
16873.0,26,12,14617.39,,VIP
16923.0,33,32,13378.36,,VIP
16938.0,30,9,7043.18,,VIP
16940.0,73,8,6427.66,,VIP
16945.0,43,33,8548.16,,VIP
16954.0,22,20,6081.88,,VIP
16984.0,109,9,10754.8,,VIP
16985.0,38,23,10923.16,,VIP
16992.0,32,13,5476.5,,VIP
17001.0,22,19,6640.8,,VIP
17017.0,24,29,14110.61,,VIP
17044.0,46,12,11962.3,,VIP
17049.0,24,19,9947.48,,VIP
17059.0,51,9,5602.53,,VIP
17068.0,33,47,9161.08,,VIP
17069.0,49,14,5794.28,,VIP
17085.0,144,28,7891.41,,VIP
17091.0,24,19,7811.1,,VIP
17092.0,71,11,5594.96,,VIP
17107.0,54,10,16075.42,,VIP
17133.0,37,12,14622.33,,VIP
17139.0,37,25,19584.46,,VIP
17146.0,127,13,5860.24,,VIP
17160.0,52,17,10209.16,,VIP
17203.0,57,10,5575.88,,VIP
17204.0,196,9,5504.6900000000005,,VIP
17230.0,285,18,9924.95,,VIP
17231.0,33,25,7197.04,,VIP
17238.0,24,32,7783.1,,VIP
17243.0,22,69,20889.86,,VIP
17306.0,32,21,9782.35,,VIP
17315.0,23,43,9650.6,,VIP
17338.0,38,17,12142.57,,VIP
17340.0,51,18,22404.82,,VIP
17346.0,25,26,5323.0,,VIP
17364.0,22,28,12070.42,,VIP
17365.0,34,15,8224.98,,VIP
17377.0,45,78,18319.41,,VIP
17381.0,30,38,40002.37,,VIP
17389.0,22,61,57224.68,,VIP
17396.0,60,14,8807.1,,VIP
17404.0,25,23,47781.12,,VIP
17409.0,206,10,7793.51,,VIP
17416.0,51,22,17298.45,,VIP
17419.0,32,18,6500.52,,VIP
17426.0,29,13,8077.77,,VIP
17428.0,22,45,31819.760000000002,,VIP
17448.0,518,46,14556.97,,VIP
17450.0,29,51,246973.09,,VIP
17457.0,148,14,5984.8099999999995,,VIP
17491.0,22,17,5981.07,,VIP
17504.0,227,18,9565.12,,VIP
17509.0,79,8,6115.14,,VIP
17511.0,24,60,175603.55,,VIP
17512.0,50,18,5467.820000000001,,VIP
17567.0,28,9,5356.03,,VIP
17576.0,29,41,9056.81,,VIP
17581.0,22,43,18757.75,,VIP
17584.0,28,6,5309.42,,VIP
17589.0,81,18,14049.87,,VIP
17593.0,25,11,8095.8,,VIP
17602.0,23,14,7451.13,,VIP
17611.0,28,28,8371.98,,VIP
17612.0,74,18,5394.86,,VIP
17625.0,39,8,6067.8,,VIP
17644.0,22,20,6028.6,,VIP
17651.0,33,16,5703.52,,VIP
17669.0,64,10,6142.35,,VIP
17672.0,71,7,5778.63,,VIP
17675.0,22,70,38259.6,,VIP
17677.0,23,54,36692.91,,VIP
17685.0,38,12,5943.17,,VIP
17686.0,28,9,8296.81,,VIP
17690.0,51,20,7448.1,,VIP
17696.0,59,27,7679.59,,VIP
17700.0,38,14,6679.97,,VIP
17706.0,25,31,20749.98,,VIP
17716.0,44,24,15956.97,,VIP
17719.0,59,15,5396.04,,VIP
17730.0,24,20,7773.8,,VIP
17735.0,23,26,17244.93,,VIP
17739.0,33,18,7730.59,,VIP
17757.0,22,56,9422.45,,VIP
17769.0,34,17,7103.08,,VIP
17799.0,43,20,6341.89,,VIP
17809.0,37,20,11337.39,,VIP
17811.0,25,47,9609.8,,VIP
17819.0,93,12,6612.5199999999995,,VIP
17838.0,48,13,6722.900000000001,,VIP
17841.0,23,211,70884.07,,VIP
17850.0,393,155,56600.08,,VIP
17857.0,25,24,28682.24,,VIP
17858.0,27,30,12797.65,,VIP
17863.0,80,12,5745.2,,VIP
17865.0,52,46,26374.39,,VIP
17873.0,101,18,6515.88,,VIP
17920.0,25,54,24516.46,,VIP
17940.0,70,16,30393.19,,VIP
17949.0,22,118,118628.08,,VIP
17965.0,59,29,7240.9800000000005,,VIP
17975.0,36,24,7028.83,,VIP
18008.0,91,23,19787.13,,VIP
18041.0,33,38,8752.38,,VIP
18052.0,586,1,10877.18,,VIP
18055.0,28,14,11195.57,,VIP
18061.0,43,28,6488.97,,VIP
18065.0,27,29,5866.63,,VIP
18075.0,44,20,5783.29,,VIP
18087.0,119,17,14761.519999999999,,VIP
18092.0,23,18,16179.44,,VIP
18094.0,103,13,6391.52,,VIP
18102.0,22,145,608821.65,,VIP
18109.0,23,38,9893.96,,VIP
18118.0,32,29,6733.22,,VIP
18139.0,39,6,8438.34,,VIP
18145.0,34,11,5617.79,,VIP
18172.0,36,52,17479.84,,VIP
18178.0,150,11,6103.74,,VIP
18198.0,25,17,5425.56,,VIP
18223.0,26,26,14000.85,,VIP
18225.0,24,26,13054.26,,VIP
18226.0,65,26,11878.88,,VIP
18229.0,33,28,10803.710000000001,,VIP
18231.0,213,28,6880.97,,VIP
18245.0,28,20,6324.9800000000005,,VIP
18251.0,108,9,26278.86,,VIP
18260.0,194,23,9962.11,,VIP
